source,region,series,date,value,unit,as_of,retrieved_at,url,license
damodaran,US,earnings_yield,1960-12-31,0.0533999999999999,decimal,2026-01-09,2026-10-02,https://pages.stern.nyu.edu/~adamodar/New_Home_Page/datafile/histimpl.html,"Uso libre según las reglas de uso de Damodaran ('no strings attached', https://pages.stern.nyu.edu/~adamodar/New_Home_Page/datahistory.html#rules); solo agregados por industria; se cita la fuente"
damodaran,US,dividend_yield,1960-12-31,0.0341,decimal,2026-01-09,2026-10-02,https://pages.stern.nyu.edu/~adamodar/New_Home_Page/datafile/histimpl.html,"Uso libre según las reglas de uso de Damodaran ('no strings attached', https://pages.stern.nyu.edu/~adamodar/New_Home_Page/datahistory.html#rules); solo agregados por industria; se cita la fuente"
damodaran,US,sp500_level,1960-12-31,58.11,index,2026-01-09,2026-10-02,https://pages.stern.nyu.edu/~adamodar/New_Home_Page/datafile/histimpl.html,"Uso libre según las reglas de uso de Damodaran ('no strings attached', https://pages.stern.nyu.edu/~adamodar/New_Home_Page/datahistory.html#rules); solo agregados por industria; se cita la fuente"
damodaran,US,sp500_earnings,1960-12-31,3.1,index,2026-01-09,2026-10-02,https://pages.stern.nyu.edu/~adamodar/New_Home_Page/datafile/histimpl.html,"Uso libre según las reglas de uso de Damodaran ('no strings attached', https://pages.stern.nyu.edu/~adamodar/New_Home_Page/datahistory.html#rules); solo agregados por industria; se cita la fuente"
damodaran,US,sp500_dividends,1960-12-31,1.98,index,2026-01-09,2026-10-02,https://pages.stern.nyu.edu/~adamodar/New_Home_Page/datafile/histimpl.html,"Uso libre según las reglas de uso de Damodaran ('no strings attached', https://pages.stern.nyu.edu/~adamodar/New_Home_Page/datahistory.html#rules); solo agregados por industria; se cita la fuente"
damodaran,US,us_tbond_10y,1960-12-31,0.0276,decimal,2026-01-09,2026-10-02,https://pages.stern.nyu.edu/~adamodar/New_Home_Page/datafile/histimpl.html,"Uso libre según las reglas de uso de Damodaran ('no strings attached', https://pages.stern.nyu.edu/~adamodar/New_Home_Page/datahistory.html#rules); solo agregados por industria; se cita la fuente"
damodaran,US,smoothed_growth,1960-12-31,0.0245,decimal,2026-01-09,2026-10-02,https://pages.stern.nyu.edu/~adamodar/New_Home_Page/datafile/histimpl.html,"Uso libre según las reglas de uso de Damodaran ('no strings attached', https://pages.stern.nyu.edu/~adamodar/New_Home_Page/datahistory.html#rules); solo agregados por industria; se cita la fuente"
damodaran,US,implied_erp_fcfe,1960-12-31,,decimal,2026-01-09,2026-10-02,https://pages.stern.nyu.edu/~adamodar/New_Home_Page/datafile/histimpl.html,"Uso libre según las reglas de uso de Damodaran ('no strings attached', https://pages.stern.nyu.edu/~adamodar/New_Home_Page/datahistory.html#rules); solo agregados por industria; se cita la fuente"
damodaran,US,earnings_yield,1961-12-31,0.0471,decimal,2026-01-09,2026-10-02,https://pages.stern.nyu.edu/~adamodar/New_Home_Page/datafile/histimpl.html,"Uso libre según las reglas de uso de Damodaran ('no strings attached', https://pages.stern.nyu.edu/~adamodar/New_Home_Page/datahistory.html#rules); solo agregados por industria; se cita la fuente"
damodaran,US,dividend_yield,1961-12-31,0.0285,decimal,2026-01-09,2026-10-02,https://pages.stern.nyu.edu/~adamodar/New_Home_Page/datafile/histimpl.html,"Uso libre según las reglas de uso de Damodaran ('no strings attached', https://pages.stern.nyu.edu/~adamodar/New_Home_Page/datahistory.html#rules); solo agregados por industria; se cita la fuente"
damodaran,US,sp500_level,1961-12-31,71.55,index,2026-01-09,2026-10-02,https://pages.stern.nyu.edu/~adamodar/New_Home_Page/datafile/histimpl.html,"Uso libre según las reglas de uso de Damodaran ('no strings attached', https://pages.stern.nyu.edu/~adamodar/New_Home_Page/datahistory.html#rules); solo agregados por industria; se cita la fuente"
damodaran,US,sp500_earnings,1961-12-31,3.37,index,2026-01-09,2026-10-02,https://pages.stern.nyu.edu/~adamodar/New_Home_Page/datafile/histimpl.html,"Uso libre según las reglas de uso de Damodaran ('no strings attached', https://pages.stern.nyu.edu/~adamodar/New_Home_Page/datahistory.html#rules); solo agregados por industria; se cita la fuente"
damodaran,US,sp500_dividends,1961-12-31,2.04,index,2026-01-09,2026-10-02,https://pages.stern.nyu.edu/~adamodar/New_Home_Page/datafile/histimpl.html,"Uso libre según las reglas de uso de Damodaran ('no strings attached', https://pages.stern.nyu.edu/~adamodar/New_Home_Page/datahistory.html#rules); solo agregados por industria; se cita la fuente"
damodaran,US,us_tbond_10y,1961-12-31,0.0235,decimal,2026-01-09,2026-10-02,https://pages.stern.nyu.edu/~adamodar/New_Home_Page/datafile/histimpl.html,"Uso libre según las reglas de uso de Damodaran ('no strings attached', https://pages.stern.nyu.edu/~adamodar/New_Home_Page/datahistory.html#rules); solo agregados por industria; se cita la fuente"
damodaran,US,smoothed_growth,1961-12-31,0.0241,decimal,2026-01-09,2026-10-02,https://pages.stern.nyu.edu/~adamodar/New_Home_Page/datafile/histimpl.html,"Uso libre según las reglas de uso de Damodaran ('no strings attached', https://pages.stern.nyu.edu/~adamodar/New_Home_Page/datahistory.html#rules); solo agregados por industria; se cita la fuente"
damodaran,US,implied_erp_fcfe,1961-12-31,0.0292,decimal,2026-01-09,2026-10-02,https://pages.stern.nyu.edu/~adamodar/New_Home_Page/datafile/histimpl.html,"Uso libre según las reglas de uso de Damodaran ('no strings attached', https://pages.stern.nyu.edu/~adamodar/New_Home_Page/datahistory.html#rules); solo agregados por industria; se cita la fuente"
damodaran,US,earnings_yield,1962-12-31,0.0581,decimal,2026-01-09,2026-10-02,https://pages.stern.nyu.edu/~adamodar/New_Home_Page/datafile/histimpl.html,"Uso libre según las reglas de uso de Damodaran ('no strings attached', https://pages.stern.nyu.edu/~adamodar/New_Home_Page/datahistory.html#rules); solo agregados por industria; se cita la fuente"
damodaran,US,dividend_yield,1962-12-31,0.034,decimal,2026-01-09,2026-10-02,https://pages.stern.nyu.edu/~adamodar/New_Home_Page/datafile/histimpl.html,"Uso libre según las reglas de uso de Damodaran ('no strings attached', https://pages.stern.nyu.edu/~adamodar/New_Home_Page/datahistory.html#rules); solo agregados por industria; se cita la fuente"
damodaran,US,sp500_level,1962-12-31,63.1,index,2026-01-09,2026-10-02,https://pages.stern.nyu.edu/~adamodar/New_Home_Page/datafile/histimpl.html,"Uso libre según las reglas de uso de Damodaran ('no strings attached', https://pages.stern.nyu.edu/~adamodar/New_Home_Page/datahistory.html#rules); solo agregados por industria; se cita la fuente"
damodaran,US,sp500_earnings,1962-12-31,3.67,index,2026-01-09,2026-10-02,https://pages.stern.nyu.edu/~adamodar/New_Home_Page/datafile/histimpl.html,"Uso libre según las reglas de uso de Damodaran ('no strings attached', https://pages.stern.nyu.edu/~adamodar/New_Home_Page/datahistory.html#rules); solo agregados por industria; se cita la fuente"
damodaran,US,sp500_dividends,1962-12-31,2.15,index,2026-01-09,2026-10-02,https://pages.stern.nyu.edu/~adamodar/New_Home_Page/datafile/histimpl.html,"Uso libre según las reglas de uso de Damodaran ('no strings attached', https://pages.stern.nyu.edu/~adamodar/New_Home_Page/datahistory.html#rules); solo agregados por industria; se cita la fuente"
damodaran,US,us_tbond_10y,1962-12-31,0.0385,decimal,2026-01-09,2026-10-02,https://pages.stern.nyu.edu/~adamodar/New_Home_Page/datafile/histimpl.html,"Uso libre según las reglas de uso de Damodaran ('no strings attached', https://pages.stern.nyu.edu/~adamodar/New_Home_Page/datahistory.html#rules); solo agregados por industria; se cita la fuente"
damodaran,US,smoothed_growth,1962-12-31,0.0405,decimal,2026-01-09,2026-10-02,https://pages.stern.nyu.edu/~adamodar/New_Home_Page/datafile/histimpl.html,"Uso libre según las reglas de uso de Damodaran ('no strings attached', https://pages.stern.nyu.edu/~adamodar/New_Home_Page/datahistory.html#rules); solo agregados por industria; se cita la fuente"
damodaran,US,implied_erp_fcfe,1962-12-31,0.0356,decimal,2026-01-09,2026-10-02,https://pages.stern.nyu.edu/~adamodar/New_Home_Page/datafile/histimpl.html,"Uso libre según las reglas de uso de Damodaran ('no strings attached', https://pages.stern.nyu.edu/~adamodar/New_Home_Page/datahistory.html#rules); solo agregados por industria; se cita la fuente"
damodaran,US,earnings_yield,1963-12-31,0.0550999999999999,decimal,2026-01-09,2026-10-02,https://pages.stern.nyu.edu/~adamodar/New_Home_Page/datafile/histimpl.html,"Uso libre según las reglas de uso de Damodaran ('no strings attached', https://pages.stern.nyu.edu/~adamodar/New_Home_Page/datahistory.html#rules); solo agregados por industria; se cita la fuente"
damodaran,US,dividend_yield,1963-12-31,0.0313,decimal,2026-01-09,2026-10-02,https://pages.stern.nyu.edu/~adamodar/New_Home_Page/datafile/histimpl.html,"Uso libre según las reglas de uso de Damodaran ('no strings attached', https://pages.stern.nyu.edu/~adamodar/New_Home_Page/datahistory.html#rules); solo agregados por industria; se cita la fuente"
damodaran,US,sp500_level,1963-12-31,75.02,index,2026-01-09,2026-10-02,https://pages.stern.nyu.edu/~adamodar/New_Home_Page/datafile/histimpl.html,"Uso libre según las reglas de uso de Damodaran ('no strings attached', https://pages.stern.nyu.edu/~adamodar/New_Home_Page/datahistory.html#rules); solo agregados por industria; se cita la fuente"
damodaran,US,sp500_earnings,1963-12-31,4.13,index,2026-01-09,2026-10-02,https://pages.stern.nyu.edu/~adamodar/New_Home_Page/datafile/histimpl.html,"Uso libre según las reglas de uso de Damodaran ('no strings attached', https://pages.stern.nyu.edu/~adamodar/New_Home_Page/datahistory.html#rules); solo agregados por industria; se cita la fuente"
damodaran,US,sp500_dividends,1963-12-31,2.35,index,2026-01-09,2026-10-02,https://pages.stern.nyu.edu/~adamodar/New_Home_Page/datafile/histimpl.html,"Uso libre según las reglas de uso de Damodaran ('no strings attached', https://pages.stern.nyu.edu/~adamodar/New_Home_Page/datahistory.html#rules); solo agregados por industria; se cita la fuente"
damodaran,US,us_tbond_10y,1963-12-31,0.0414,decimal,2026-01-09,2026-10-02,https://pages.stern.nyu.edu/~adamodar/New_Home_Page/datafile/histimpl.html,"Uso libre según las reglas de uso de Damodaran ('no strings attached', https://pages.stern.nyu.edu/~adamodar/New_Home_Page/datahistory.html#rules); solo agregados por industria; se cita la fuente"
damodaran,US,smoothed_growth,1963-12-31,0.0496,decimal,2026-01-09,2026-10-02,https://pages.stern.nyu.edu/~adamodar/New_Home_Page/datafile/histimpl.html,"Uso libre según las reglas de uso de Damodaran ('no strings attached', https://pages.stern.nyu.edu/~adamodar/New_Home_Page/datahistory.html#rules); solo agregados por industria; se cita la fuente"
damodaran,US,implied_erp_fcfe,1963-12-31,0.0338,decimal,2026-01-09,2026-10-02,https://pages.stern.nyu.edu/~adamodar/New_Home_Page/datafile/histimpl.html,"Uso libre según las reglas de uso de Damodaran ('no strings attached', https://pages.stern.nyu.edu/~adamodar/New_Home_Page/datahistory.html#rules); solo agregados por industria; se cita la fuente"
damodaran,US,earnings_yield,1964-12-31,0.0562,decimal,2026-01-09,2026-10-02,https://pages.stern.nyu.edu/~adamodar/New_Home_Page/datafile/histimpl.html,"Uso libre según las reglas de uso de Damodaran ('no strings attached', https://pages.stern.nyu.edu/~adamodar/New_Home_Page/datahistory.html#rules); solo agregados por industria; se cita la fuente"
damodaran,US,dividend_yield,1964-12-31,0.0305,decimal,2026-01-09,2026-10-02,https://pages.stern.nyu.edu/~adamodar/New_Home_Page/datafile/histimpl.html,"Uso libre según las reglas de uso de Damodaran ('no strings attached', https://pages.stern.nyu.edu/~adamodar/New_Home_Page/datahistory.html#rules); solo agregados por industria; se cita la fuente"
damodaran,US,sp500_level,1964-12-31,84.75,index,2026-01-09,2026-10-02,https://pages.stern.nyu.edu/~adamodar/New_Home_Page/datafile/histimpl.html,"Uso libre según las reglas de uso de Damodaran ('no strings attached', https://pages.stern.nyu.edu/~adamodar/New_Home_Page/datahistory.html#rules); solo agregados por industria; se cita la fuente"
damodaran,US,sp500_earnings,1964-12-31,4.76,index,2026-01-09,2026-10-02,https://pages.stern.nyu.edu/~adamodar/New_Home_Page/datafile/histimpl.html,"Uso libre según las reglas de uso de Damodaran ('no strings attached', https://pages.stern.nyu.edu/~adamodar/New_Home_Page/datahistory.html#rules); solo agregados por industria; se cita la fuente"
damodaran,US,sp500_dividends,1964-12-31,2.58,index,2026-01-09,2026-10-02,https://pages.stern.nyu.edu/~adamodar/New_Home_Page/datafile/histimpl.html,"Uso libre según las reglas de uso de Damodaran ('no strings attached', https://pages.stern.nyu.edu/~adamodar/New_Home_Page/datahistory.html#rules); solo agregados por industria; se cita la fuente"
damodaran,US,us_tbond_10y,1964-12-31,0.0421,decimal,2026-01-09,2026-10-02,https://pages.stern.nyu.edu/~adamodar/New_Home_Page/datafile/histimpl.html,"Uso libre según las reglas de uso de Damodaran ('no strings attached', https://pages.stern.nyu.edu/~adamodar/New_Home_Page/datahistory.html#rules); solo agregados por industria; se cita la fuente"
damodaran,US,smoothed_growth,1964-12-31,0.0513,decimal,2026-01-09,2026-10-02,https://pages.stern.nyu.edu/~adamodar/New_Home_Page/datafile/histimpl.html,"Uso libre según las reglas de uso de Damodaran ('no strings attached', https://pages.stern.nyu.edu/~adamodar/New_Home_Page/datahistory.html#rules); solo agregados por industria; se cita la fuente"
damodaran,US,implied_erp_fcfe,1964-12-31,0.0331,decimal,2026-01-09,2026-10-02,https://pages.stern.nyu.edu/~adamodar/New_Home_Page/datafile/histimpl.html,"Uso libre según las reglas de uso de Damodaran ('no strings attached', https://pages.stern.nyu.edu/~adamodar/New_Home_Page/datahistory.html#rules); solo agregados por industria; se cita la fuente"
damodaran,US,earnings_yield,1965-12-31,0.0573,decimal,2026-01-09,2026-10-02,https://pages.stern.nyu.edu/~adamodar/New_Home_Page/datafile/histimpl.html,"Uso libre según las reglas de uso de Damodaran ('no strings attached', https://pages.stern.nyu.edu/~adamodar/New_Home_Page/datahistory.html#rules); solo agregados por industria; se cita la fuente"
damodaran,US,dividend_yield,1965-12-31,0.0306,decimal,2026-01-09,2026-10-02,https://pages.stern.nyu.edu/~adamodar/New_Home_Page/datafile/histimpl.html,"Uso libre según las reglas de uso de Damodaran ('no strings attached', https://pages.stern.nyu.edu/~adamodar/New_Home_Page/datahistory.html#rules); solo agregados por industria; se cita la fuente"
damodaran,US,sp500_level,1965-12-31,92.43,index,2026-01-09,2026-10-02,https://pages.stern.nyu.edu/~adamodar/New_Home_Page/datafile/histimpl.html,"Uso libre según las reglas de uso de Damodaran ('no strings attached', https://pages.stern.nyu.edu/~adamodar/New_Home_Page/datahistory.html#rules); solo agregados por industria; se cita la fuente"
damodaran,US,sp500_earnings,1965-12-31,5.3,index,2026-01-09,2026-10-02,https://pages.stern.nyu.edu/~adamodar/New_Home_Page/datafile/histimpl.html,"Uso libre según las reglas de uso de Damodaran ('no strings attached', https://pages.stern.nyu.edu/~adamodar/New_Home_Page/datahistory.html#rules); solo agregados por industria; se cita la fuente"
damodaran,US,sp500_dividends,1965-12-31,2.83,index,2026-01-09,2026-10-02,https://pages.stern.nyu.edu/~adamodar/New_Home_Page/datafile/histimpl.html,"Uso libre según las reglas de uso de Damodaran ('no strings attached', https://pages.stern.nyu.edu/~adamodar/New_Home_Page/datahistory.html#rules); solo agregados por industria; se cita la fuente"
damodaran,US,us_tbond_10y,1965-12-31,0.0465,decimal,2026-01-09,2026-10-02,https://pages.stern.nyu.edu/~adamodar/New_Home_Page/datafile/histimpl.html,"Uso libre según las reglas de uso de Damodaran ('no strings attached', https://pages.stern.nyu.edu/~adamodar/New_Home_Page/datahistory.html#rules); solo agregados por industria; se cita la fuente"
damodaran,US,smoothed_growth,1965-12-31,0.0546,decimal,2026-01-09,2026-10-02,https://pages.stern.nyu.edu/~adamodar/New_Home_Page/datafile/histimpl.html,"Uso libre según las reglas de uso de Damodaran ('no strings attached', https://pages.stern.nyu.edu/~adamodar/New_Home_Page/datahistory.html#rules); solo agregados por industria; se cita la fuente"
damodaran,US,implied_erp_fcfe,1965-12-31,0.0332,decimal,2026-01-09,2026-10-02,https://pages.stern.nyu.edu/~adamodar/New_Home_Page/datafile/histimpl.html,"Uso libre según las reglas de uso de Damodaran ('no strings attached', https://pages.stern.nyu.edu/~adamodar/New_Home_Page/datahistory.html#rules); solo agregados por industria; se cita la fuente"
damodaran,US,earnings_yield,1966-12-31,0.0674,decimal,2026-01-09,2026-10-02,https://pages.stern.nyu.edu/~adamodar/New_Home_Page/datafile/histimpl.html,"Uso libre según las reglas de uso de Damodaran ('no strings attached', https://pages.stern.nyu.edu/~adamodar/New_Home_Page/datahistory.html#rules); solo agregados por industria; se cita la fuente"
damodaran,US,dividend_yield,1966-12-31,0.0359,decimal,2026-01-09,2026-10-02,https://pages.stern.nyu.edu/~adamodar/New_Home_Page/datafile/histimpl.html,"Uso libre según las reglas de uso de Damodaran ('no strings attached', https://pages.stern.nyu.edu/~adamodar/New_Home_Page/datahistory.html#rules); solo agregados por industria; se cita la fuente"
damodaran,US,sp500_level,1966-12-31,80.33,index,2026-01-09,2026-10-02,https://pages.stern.nyu.edu/~adamodar/New_Home_Page/datafile/histimpl.html,"Uso libre según las reglas de uso de Damodaran ('no strings attached', https://pages.stern.nyu.edu/~adamodar/New_Home_Page/datahistory.html#rules); solo agregados por industria; se cita la fuente"
damodaran,US,sp500_earnings,1966-12-31,5.41,index,2026-01-09,2026-10-02,https://pages.stern.nyu.edu/~adamodar/New_Home_Page/datafile/histimpl.html,"Uso libre según las reglas de uso de Damodaran ('no strings attached', https://pages.stern.nyu.edu/~adamodar/New_Home_Page/datahistory.html#rules); solo agregados por industria; se cita la fuente"
damodaran,US,sp500_dividends,1966-12-31,2.88,index,2026-01-09,2026-10-02,https://pages.stern.nyu.edu/~adamodar/New_Home_Page/datafile/histimpl.html,"Uso libre según las reglas de uso de Damodaran ('no strings attached', https://pages.stern.nyu.edu/~adamodar/New_Home_Page/datahistory.html#rules); solo agregados por industria; se cita la fuente"
damodaran,US,us_tbond_10y,1966-12-31,0.0464,decimal,2026-01-09,2026-10-02,https://pages.stern.nyu.edu/~adamodar/New_Home_Page/datafile/histimpl.html,"Uso libre según las reglas de uso de Damodaran ('no strings attached', https://pages.stern.nyu.edu/~adamodar/New_Home_Page/datahistory.html#rules); solo agregados por industria; se cita la fuente"
damodaran,US,smoothed_growth,1966-12-31,0.0419,decimal,2026-01-09,2026-10-02,https://pages.stern.nyu.edu/~adamodar/New_Home_Page/datafile/histimpl.html,"Uso libre según las reglas de uso de Damodaran ('no strings attached', https://pages.stern.nyu.edu/~adamodar/New_Home_Page/datahistory.html#rules); solo agregados por industria; se cita la fuente"
damodaran,US,implied_erp_fcfe,1966-12-31,0.0368,decimal,2026-01-09,2026-10-02,https://pages.stern.nyu.edu/~adamodar/New_Home_Page/datafile/histimpl.html,"Uso libre según las reglas de uso de Damodaran ('no strings attached', https://pages.stern.nyu.edu/~adamodar/New_Home_Page/datahistory.html#rules); solo agregados por industria; se cita la fuente"
damodaran,US,earnings_yield,1967-12-31,0.0566,decimal,2026-01-09,2026-10-02,https://pages.stern.nyu.edu/~adamodar/New_Home_Page/datafile/histimpl.html,"Uso libre según las reglas de uso de Damodaran ('no strings attached', https://pages.stern.nyu.edu/~adamodar/New_Home_Page/datahistory.html#rules); solo agregados por industria; se cita la fuente"
damodaran,US,dividend_yield,1967-12-31,0.0308999999999999,decimal,2026-01-09,2026-10-02,https://pages.stern.nyu.edu/~adamodar/New_Home_Page/datafile/histimpl.html,"Uso libre según las reglas de uso de Damodaran ('no strings attached', https://pages.stern.nyu.edu/~adamodar/New_Home_Page/datahistory.html#rules); solo agregados por industria; se cita la fuente"
damodaran,US,sp500_level,1967-12-31,96.47,index,2026-01-09,2026-10-02,https://pages.stern.nyu.edu/~adamodar/New_Home_Page/datafile/histimpl.html,"Uso libre según las reglas de uso de Damodaran ('no strings attached', https://pages.stern.nyu.edu/~adamodar/New_Home_Page/datahistory.html#rules); solo agregados por industria; se cita la fuente"
damodaran,US,sp500_earnings,1967-12-31,5.46,index,2026-01-09,2026-10-02,https://pages.stern.nyu.edu/~adamodar/New_Home_Page/datafile/histimpl.html,"Uso libre según las reglas de uso de Damodaran ('no strings attached', https://pages.stern.nyu.edu/~adamodar/New_Home_Page/datahistory.html#rules); solo agregados por industria; se cita la fuente"
damodaran,US,sp500_dividends,1967-12-31,2.98,index,2026-01-09,2026-10-02,https://pages.stern.nyu.edu/~adamodar/New_Home_Page/datafile/histimpl.html,"Uso libre según las reglas de uso de Damodaran ('no strings attached', https://pages.stern.nyu.edu/~adamodar/New_Home_Page/datahistory.html#rules); solo agregados por industria; se cita la fuente"
damodaran,US,us_tbond_10y,1967-12-31,0.057,decimal,2026-01-09,2026-10-02,https://pages.stern.nyu.edu/~adamodar/New_Home_Page/datafile/histimpl.html,"Uso libre según las reglas de uso de Damodaran ('no strings attached', https://pages.stern.nyu.edu/~adamodar/New_Home_Page/datahistory.html#rules); solo agregados por industria; se cita la fuente"
damodaran,US,smoothed_growth,1967-12-31,0.0525,decimal,2026-01-09,2026-10-02,https://pages.stern.nyu.edu/~adamodar/New_Home_Page/datafile/histimpl.html,"Uso libre según las reglas de uso de Damodaran ('no strings attached', https://pages.stern.nyu.edu/~adamodar/New_Home_Page/datahistory.html#rules); solo agregados por industria; se cita la fuente"
damodaran,US,implied_erp_fcfe,1967-12-31,0.032,decimal,2026-01-09,2026-10-02,https://pages.stern.nyu.edu/~adamodar/New_Home_Page/datafile/histimpl.html,"Uso libre según las reglas de uso de Damodaran ('no strings attached', https://pages.stern.nyu.edu/~adamodar/New_Home_Page/datahistory.html#rules); solo agregados por industria; se cita la fuente"
damodaran,US,earnings_yield,1968-12-31,0.0550999999999999,decimal,2026-01-09,2026-10-02,https://pages.stern.nyu.edu/~adamodar/New_Home_Page/datafile/histimpl.html,"Uso libre según las reglas de uso de Damodaran ('no strings attached', https://pages.stern.nyu.edu/~adamodar/New_Home_Page/datahistory.html#rules); solo agregados por industria; se cita la fuente"
damodaran,US,dividend_yield,1968-12-31,0.0293,decimal,2026-01-09,2026-10-02,https://pages.stern.nyu.edu/~adamodar/New_Home_Page/datafile/histimpl.html,"Uso libre según las reglas de uso de Damodaran ('no strings attached', https://pages.stern.nyu.edu/~adamodar/New_Home_Page/datahistory.html#rules); solo agregados por industria; se cita la fuente"
damodaran,US,sp500_level,1968-12-31,103.86,index,2026-01-09,2026-10-02,https://pages.stern.nyu.edu/~adamodar/New_Home_Page/datafile/histimpl.html,"Uso libre según las reglas de uso de Damodaran ('no strings attached', https://pages.stern.nyu.edu/~adamodar/New_Home_Page/datahistory.html#rules); solo agregados por industria; se cita la fuente"
damodaran,US,sp500_earnings,1968-12-31,5.72,index,2026-01-09,2026-10-02,https://pages.stern.nyu.edu/~adamodar/New_Home_Page/datafile/histimpl.html,"Uso libre según las reglas de uso de Damodaran ('no strings attached', https://pages.stern.nyu.edu/~adamodar/New_Home_Page/datahistory.html#rules); solo agregados por industria; se cita la fuente"
damodaran,US,sp500_dividends,1968-12-31,3.04,index,2026-01-09,2026-10-02,https://pages.stern.nyu.edu/~adamodar/New_Home_Page/datafile/histimpl.html,"Uso libre según las reglas de uso de Damodaran ('no strings attached', https://pages.stern.nyu.edu/~adamodar/New_Home_Page/datahistory.html#rules); solo agregados por industria; se cita la fuente"
damodaran,US,us_tbond_10y,1968-12-31,0.0616,decimal,2026-01-09,2026-10-02,https://pages.stern.nyu.edu/~adamodar/New_Home_Page/datafile/histimpl.html,"Uso libre según las reglas de uso de Damodaran ('no strings attached', https://pages.stern.nyu.edu/~adamodar/New_Home_Page/datahistory.html#rules); solo agregados por industria; se cita la fuente"
damodaran,US,smoothed_growth,1968-12-31,0.0532,decimal,2026-01-09,2026-10-02,https://pages.stern.nyu.edu/~adamodar/New_Home_Page/datafile/histimpl.html,"Uso libre según las reglas de uso de Damodaran ('no strings attached', https://pages.stern.nyu.edu/~adamodar/New_Home_Page/datahistory.html#rules); solo agregados por industria; se cita la fuente"
damodaran,US,implied_erp_fcfe,1968-12-31,0.03,decimal,2026-01-09,2026-10-02,https://pages.stern.nyu.edu/~adamodar/New_Home_Page/datafile/histimpl.html,"Uso libre según las reglas de uso de Damodaran ('no strings attached', https://pages.stern.nyu.edu/~adamodar/New_Home_Page/datahistory.html#rules); solo agregados por industria; se cita la fuente"
damodaran,US,earnings_yield,1969-12-31,0.0663,decimal,2026-01-09,2026-10-02,https://pages.stern.nyu.edu/~adamodar/New_Home_Page/datafile/histimpl.html,"Uso libre según las reglas de uso de Damodaran ('no strings attached', https://pages.stern.nyu.edu/~adamodar/New_Home_Page/datahistory.html#rules); solo agregados por industria; se cita la fuente"
damodaran,US,dividend_yield,1969-12-31,0.0352,decimal,2026-01-09,2026-10-02,https://pages.stern.nyu.edu/~adamodar/New_Home_Page/datafile/histimpl.html,"Uso libre según las reglas de uso de Damodaran ('no strings attached', https://pages.stern.nyu.edu/~adamodar/New_Home_Page/datahistory.html#rules); solo agregados por industria; se cita la fuente"
damodaran,US,sp500_level,1969-12-31,92.06,index,2026-01-09,2026-10-02,https://pages.stern.nyu.edu/~adamodar/New_Home_Page/datafile/histimpl.html,"Uso libre según las reglas de uso de Damodaran ('no strings attached', https://pages.stern.nyu.edu/~adamodar/New_Home_Page/datahistory.html#rules); solo agregados por industria; se cita la fuente"
damodaran,US,sp500_earnings,1969-12-31,6.1,index,2026-01-09,2026-10-02,https://pages.stern.nyu.edu/~adamodar/New_Home_Page/datafile/histimpl.html,"Uso libre según las reglas de uso de Damodaran ('no strings attached', https://pages.stern.nyu.edu/~adamodar/New_Home_Page/datahistory.html#rules); solo agregados por industria; se cita la fuente"
damodaran,US,sp500_dividends,1969-12-31,3.24,index,2026-01-09,2026-10-02,https://pages.stern.nyu.edu/~adamodar/New_Home_Page/datafile/histimpl.html,"Uso libre según las reglas de uso de Damodaran ('no strings attached', https://pages.stern.nyu.edu/~adamodar/New_Home_Page/datahistory.html#rules); solo agregados por industria; se cita la fuente"
damodaran,US,us_tbond_10y,1969-12-31,0.0788,decimal,2026-01-09,2026-10-02,https://pages.stern.nyu.edu/~adamodar/New_Home_Page/datafile/histimpl.html,"Uso libre según las reglas de uso de Damodaran ('no strings attached', https://pages.stern.nyu.edu/~adamodar/New_Home_Page/datahistory.html#rules); solo agregados por industria; se cita la fuente"
damodaran,US,smoothed_growth,1969-12-31,0.0755,decimal,2026-01-09,2026-10-02,https://pages.stern.nyu.edu/~adamodar/New_Home_Page/datafile/histimpl.html,"Uso libre según las reglas de uso de Damodaran ('no strings attached', https://pages.stern.nyu.edu/~adamodar/New_Home_Page/datahistory.html#rules); solo agregados por industria; se cita la fuente"
damodaran,US,implied_erp_fcfe,1969-12-31,0.0374,decimal,2026-01-09,2026-10-02,https://pages.stern.nyu.edu/~adamodar/New_Home_Page/datafile/histimpl.html,"Uso libre según las reglas de uso de Damodaran ('no strings attached', https://pages.stern.nyu.edu/~adamodar/New_Home_Page/datahistory.html#rules); solo agregados por industria; se cita la fuente"
damodaran,US,earnings_yield,1970-12-31,0.0598,decimal,2026-01-09,2026-10-02,https://pages.stern.nyu.edu/~adamodar/New_Home_Page/datafile/histimpl.html,"Uso libre según las reglas de uso de Damodaran ('no strings attached', https://pages.stern.nyu.edu/~adamodar/New_Home_Page/datahistory.html#rules); solo agregados por industria; se cita la fuente"
damodaran,US,dividend_yield,1970-12-31,0.0346,decimal,2026-01-09,2026-10-02,https://pages.stern.nyu.edu/~adamodar/New_Home_Page/datafile/histimpl.html,"Uso libre según las reglas de uso de Damodaran ('no strings attached', https://pages.stern.nyu.edu/~adamodar/New_Home_Page/datahistory.html#rules); solo agregados por industria; se cita la fuente"
damodaran,US,sp500_level,1970-12-31,92.15,index,2026-01-09,2026-10-02,https://pages.stern.nyu.edu/~adamodar/New_Home_Page/datafile/histimpl.html,"Uso libre según las reglas de uso de Damodaran ('no strings attached', https://pages.stern.nyu.edu/~adamodar/New_Home_Page/datahistory.html#rules); solo agregados por industria; se cita la fuente"
damodaran,US,sp500_earnings,1970-12-31,5.51,index,2026-01-09,2026-10-02,https://pages.stern.nyu.edu/~adamodar/New_Home_Page/datafile/histimpl.html,"Uso libre según las reglas de uso de Damodaran ('no strings attached', https://pages.stern.nyu.edu/~adamodar/New_Home_Page/datahistory.html#rules); solo agregados por industria; se cita la fuente"
damodaran,US,sp500_dividends,1970-12-31,3.19,index,2026-01-09,2026-10-02,https://pages.stern.nyu.edu/~adamodar/New_Home_Page/datafile/histimpl.html,"Uso libre según las reglas de uso de Damodaran ('no strings attached', https://pages.stern.nyu.edu/~adamodar/New_Home_Page/datahistory.html#rules); solo agregados por industria; se cita la fuente"
damodaran,US,us_tbond_10y,1970-12-31,0.065,decimal,2026-01-09,2026-10-02,https://pages.stern.nyu.edu/~adamodar/New_Home_Page/datafile/histimpl.html,"Uso libre según las reglas de uso de Damodaran ('no strings attached', https://pages.stern.nyu.edu/~adamodar/New_Home_Page/datahistory.html#rules); solo agregados por industria; se cita la fuente"
damodaran,US,smoothed_growth,1970-12-31,0.0478,decimal,2026-01-09,2026-10-02,https://pages.stern.nyu.edu/~adamodar/New_Home_Page/datafile/histimpl.html,"Uso libre según las reglas de uso de Damodaran ('no strings attached', https://pages.stern.nyu.edu/~adamodar/New_Home_Page/datahistory.html#rules); solo agregados por industria; se cita la fuente"
damodaran,US,implied_erp_fcfe,1970-12-31,0.0341,decimal,2026-01-09,2026-10-02,https://pages.stern.nyu.edu/~adamodar/New_Home_Page/datafile/histimpl.html,"Uso libre según las reglas de uso de Damodaran ('no strings attached', https://pages.stern.nyu.edu/~adamodar/New_Home_Page/datahistory.html#rules); solo agregados por industria; se cita la fuente"
damodaran,US,earnings_yield,1971-12-31,0.0546,decimal,2026-01-09,2026-10-02,https://pages.stern.nyu.edu/~adamodar/New_Home_Page/datafile/histimpl.html,"Uso libre según las reglas de uso de Damodaran ('no strings attached', https://pages.stern.nyu.edu/~adamodar/New_Home_Page/datahistory.html#rules); solo agregados por industria; se cita la fuente"
damodaran,US,dividend_yield,1971-12-31,0.031,decimal,2026-01-09,2026-10-02,https://pages.stern.nyu.edu/~adamodar/New_Home_Page/datafile/histimpl.html,"Uso libre según las reglas de uso de Damodaran ('no strings attached', https://pages.stern.nyu.edu/~adamodar/New_Home_Page/datahistory.html#rules); solo agregados por industria; se cita la fuente"
damodaran,US,sp500_level,1971-12-31,102.09,index,2026-01-09,2026-10-02,https://pages.stern.nyu.edu/~adamodar/New_Home_Page/datafile/histimpl.html,"Uso libre según las reglas de uso de Damodaran ('no strings attached', https://pages.stern.nyu.edu/~adamodar/New_Home_Page/datahistory.html#rules); solo agregados por industria; se cita la fuente"
damodaran,US,sp500_earnings,1971-12-31,5.57,index,2026-01-09,2026-10-02,https://pages.stern.nyu.edu/~adamodar/New_Home_Page/datafile/histimpl.html,"Uso libre según las reglas de uso de Damodaran ('no strings attached', https://pages.stern.nyu.edu/~adamodar/New_Home_Page/datahistory.html#rules); solo agregados por industria; se cita la fuente"
damodaran,US,sp500_dividends,1971-12-31,3.16,index,2026-01-09,2026-10-02,https://pages.stern.nyu.edu/~adamodar/New_Home_Page/datafile/histimpl.html,"Uso libre según las reglas de uso de Damodaran ('no strings attached', https://pages.stern.nyu.edu/~adamodar/New_Home_Page/datahistory.html#rules); solo agregados por industria; se cita la fuente"
damodaran,US,us_tbond_10y,1971-12-31,0.0588999999999999,decimal,2026-01-09,2026-10-02,https://pages.stern.nyu.edu/~adamodar/New_Home_Page/datafile/histimpl.html,"Uso libre según las reglas de uso de Damodaran ('no strings attached', https://pages.stern.nyu.edu/~adamodar/New_Home_Page/datahistory.html#rules); solo agregados por industria; se cita la fuente"
damodaran,US,smoothed_growth,1971-12-31,0.0457,decimal,2026-01-09,2026-10-02,https://pages.stern.nyu.edu/~adamodar/New_Home_Page/datafile/histimpl.html,"Uso libre según las reglas de uso de Damodaran ('no strings attached', https://pages.stern.nyu.edu/~adamodar/New_Home_Page/datahistory.html#rules); solo agregados por industria; se cita la fuente"
damodaran,US,implied_erp_fcfe,1971-12-31,0.0308999999999999,decimal,2026-01-09,2026-10-02,https://pages.stern.nyu.edu/~adamodar/New_Home_Page/datafile/histimpl.html,"Uso libre según las reglas de uso de Damodaran ('no strings attached', https://pages.stern.nyu.edu/~adamodar/New_Home_Page/datahistory.html#rules); solo agregados por industria; se cita la fuente"
damodaran,US,earnings_yield,1972-12-31,0.0523,decimal,2026-01-09,2026-10-02,https://pages.stern.nyu.edu/~adamodar/New_Home_Page/datafile/histimpl.html,"Uso libre según las reglas de uso de Damodaran ('no strings attached', https://pages.stern.nyu.edu/~adamodar/New_Home_Page/datahistory.html#rules); solo agregados por industria; se cita la fuente"
damodaran,US,dividend_yield,1972-12-31,0.027,decimal,2026-01-09,2026-10-02,https://pages.stern.nyu.edu/~adamodar/New_Home_Page/datafile/histimpl.html,"Uso libre según las reglas de uso de Damodaran ('no strings attached', https://pages.stern.nyu.edu/~adamodar/New_Home_Page/datahistory.html#rules); solo agregados por industria; se cita la fuente"
damodaran,US,sp500_level,1972-12-31,118.05,index,2026-01-09,2026-10-02,https://pages.stern.nyu.edu/~adamodar/New_Home_Page/datafile/histimpl.html,"Uso libre según las reglas de uso de Damodaran ('no strings attached', https://pages.stern.nyu.edu/~adamodar/New_Home_Page/datahistory.html#rules); solo agregados por industria; se cita la fuente"
damodaran,US,sp500_earnings,1972-12-31,6.17,index,2026-01-09,2026-10-02,https://pages.stern.nyu.edu/~adamodar/New_Home_Page/datafile/histimpl.html,"Uso libre según las reglas de uso de Damodaran ('no strings attached', https://pages.stern.nyu.edu/~adamodar/New_Home_Page/datahistory.html#rules); solo agregados por industria; se cita la fuente"
damodaran,US,sp500_dividends,1972-12-31,3.19,index,2026-01-09,2026-10-02,https://pages.stern.nyu.edu/~adamodar/New_Home_Page/datafile/histimpl.html,"Uso libre según las reglas de uso de Damodaran ('no strings attached', https://pages.stern.nyu.edu/~adamodar/New_Home_Page/datahistory.html#rules); solo agregados por industria; se cita la fuente"
damodaran,US,us_tbond_10y,1972-12-31,0.0641,decimal,2026-01-09,2026-10-02,https://pages.stern.nyu.edu/~adamodar/New_Home_Page/datafile/histimpl.html,"Uso libre según las reglas de uso de Damodaran ('no strings attached', https://pages.stern.nyu.edu/~adamodar/New_Home_Page/datahistory.html#rules); solo agregados por industria; se cita la fuente"
damodaran,US,smoothed_growth,1972-12-31,0.0521,decimal,2026-01-09,2026-10-02,https://pages.stern.nyu.edu/~adamodar/New_Home_Page/datafile/histimpl.html,"Uso libre según las reglas de uso de Damodaran ('no strings attached', https://pages.stern.nyu.edu/~adamodar/New_Home_Page/datahistory.html#rules); solo agregados por industria; se cita la fuente"
damodaran,US,implied_erp_fcfe,1972-12-31,0.0272,decimal,2026-01-09,2026-10-02,https://pages.stern.nyu.edu/~adamodar/New_Home_Page/datafile/histimpl.html,"Uso libre según las reglas de uso de Damodaran ('no strings attached', https://pages.stern.nyu.edu/~adamodar/New_Home_Page/datahistory.html#rules); solo agregados por industria; se cita la fuente"
damodaran,US,earnings_yield,1973-12-31,0.0816,decimal,2026-01-09,2026-10-02,https://pages.stern.nyu.edu/~adamodar/New_Home_Page/datafile/histimpl.html,"Uso libre según las reglas de uso de Damodaran ('no strings attached', https://pages.stern.nyu.edu/~adamodar/New_Home_Page/datahistory.html#rules); solo agregados por industria; se cita la fuente"
damodaran,US,dividend_yield,1973-12-31,0.037,decimal,2026-01-09,2026-10-02,https://pages.stern.nyu.edu/~adamodar/New_Home_Page/datafile/histimpl.html,"Uso libre según las reglas de uso de Damodaran ('no strings attached', https://pages.stern.nyu.edu/~adamodar/New_Home_Page/datahistory.html#rules); solo agregados por industria; se cita la fuente"
damodaran,US,sp500_level,1973-12-31,97.55,index,2026-01-09,2026-10-02,https://pages.stern.nyu.edu/~adamodar/New_Home_Page/datafile/histimpl.html,"Uso libre según las reglas de uso de Damodaran ('no strings attached', https://pages.stern.nyu.edu/~adamodar/New_Home_Page/datahistory.html#rules); solo agregados por industria; se cita la fuente"
damodaran,US,sp500_earnings,1973-12-31,7.96,index,2026-01-09,2026-10-02,https://pages.stern.nyu.edu/~adamodar/New_Home_Page/datafile/histimpl.html,"Uso libre según las reglas de uso de Damodaran ('no strings attached', https://pages.stern.nyu.edu/~adamodar/New_Home_Page/datahistory.html#rules); solo agregados por industria; se cita la fuente"
damodaran,US,sp500_dividends,1973-12-31,3.61,index,2026-01-09,2026-10-02,https://pages.stern.nyu.edu/~adamodar/New_Home_Page/datafile/histimpl.html,"Uso libre según las reglas de uso de Damodaran ('no strings attached', https://pages.stern.nyu.edu/~adamodar/New_Home_Page/datahistory.html#rules); solo agregados por industria; se cita la fuente"
damodaran,US,us_tbond_10y,1973-12-31,0.069,decimal,2026-01-09,2026-10-02,https://pages.stern.nyu.edu/~adamodar/New_Home_Page/datafile/histimpl.html,"Uso libre según las reglas de uso de Damodaran ('no strings attached', https://pages.stern.nyu.edu/~adamodar/New_Home_Page/datahistory.html#rules); solo agregados por industria; se cita la fuente"
damodaran,US,smoothed_growth,1973-12-31,0.083,decimal,2026-01-09,2026-10-02,https://pages.stern.nyu.edu/~adamodar/New_Home_Page/datafile/histimpl.html,"Uso libre según las reglas de uso de Damodaran ('no strings attached', https://pages.stern.nyu.edu/~adamodar/New_Home_Page/datahistory.html#rules); solo agregados por industria; se cita la fuente"
damodaran,US,implied_erp_fcfe,1973-12-31,0.043,decimal,2026-01-09,2026-10-02,https://pages.stern.nyu.edu/~adamodar/New_Home_Page/datafile/histimpl.html,"Uso libre según las reglas de uso de Damodaran ('no strings attached', https://pages.stern.nyu.edu/~adamodar/New_Home_Page/datahistory.html#rules); solo agregados por industria; se cita la fuente"
damodaran,US,earnings_yield,1974-12-31,0.1364,decimal,2026-01-09,2026-10-02,https://pages.stern.nyu.edu/~adamodar/New_Home_Page/datafile/histimpl.html,"Uso libre según las reglas de uso de Damodaran ('no strings attached', https://pages.stern.nyu.edu/~adamodar/New_Home_Page/datahistory.html#rules); solo agregados por industria; se cita la fuente"
damodaran,US,dividend_yield,1974-12-31,0.0542999999999999,decimal,2026-01-09,2026-10-02,https://pages.stern.nyu.edu/~adamodar/New_Home_Page/datafile/histimpl.html,"Uso libre según las reglas de uso de Damodaran ('no strings attached', https://pages.stern.nyu.edu/~adamodar/New_Home_Page/datahistory.html#rules); solo agregados por industria; se cita la fuente"
damodaran,US,sp500_level,1974-12-31,68.56,index,2026-01-09,2026-10-02,https://pages.stern.nyu.edu/~adamodar/New_Home_Page/datafile/histimpl.html,"Uso libre según las reglas de uso de Damodaran ('no strings attached', https://pages.stern.nyu.edu/~adamodar/New_Home_Page/datahistory.html#rules); solo agregados por industria; se cita la fuente"
damodaran,US,sp500_earnings,1974-12-31,9.35,index,2026-01-09,2026-10-02,https://pages.stern.nyu.edu/~adamodar/New_Home_Page/datafile/histimpl.html,"Uso libre según las reglas de uso de Damodaran ('no strings attached', https://pages.stern.nyu.edu/~adamodar/New_Home_Page/datahistory.html#rules); solo agregados por industria; se cita la fuente"
damodaran,US,sp500_dividends,1974-12-31,3.72,index,2026-01-09,2026-10-02,https://pages.stern.nyu.edu/~adamodar/New_Home_Page/datafile/histimpl.html,"Uso libre según las reglas de uso de Damodaran ('no strings attached', https://pages.stern.nyu.edu/~adamodar/New_Home_Page/datahistory.html#rules); solo agregados por industria; se cita la fuente"
damodaran,US,us_tbond_10y,1974-12-31,0.074,decimal,2026-01-09,2026-10-02,https://pages.stern.nyu.edu/~adamodar/New_Home_Page/datafile/histimpl.html,"Uso libre según las reglas de uso de Damodaran ('no strings attached', https://pages.stern.nyu.edu/~adamodar/New_Home_Page/datahistory.html#rules); solo agregados por industria; se cita la fuente"
damodaran,US,smoothed_growth,1974-12-31,0.0642,decimal,2026-01-09,2026-10-02,https://pages.stern.nyu.edu/~adamodar/New_Home_Page/datafile/histimpl.html,"Uso libre según las reglas de uso de Damodaran ('no strings attached', https://pages.stern.nyu.edu/~adamodar/New_Home_Page/datahistory.html#rules); solo agregados por industria; se cita la fuente"
damodaran,US,implied_erp_fcfe,1974-12-31,0.0559,decimal,2026-01-09,2026-10-02,https://pages.stern.nyu.edu/~adamodar/New_Home_Page/datafile/histimpl.html,"Uso libre según las reglas de uso de Damodaran ('no strings attached', https://pages.stern.nyu.edu/~adamodar/New_Home_Page/datahistory.html#rules); solo agregados por industria; se cita la fuente"
damodaran,US,earnings_yield,1975-12-31,0.0855,decimal,2026-01-09,2026-10-02,https://pages.stern.nyu.edu/~adamodar/New_Home_Page/datafile/histimpl.html,"Uso libre según las reglas de uso de Damodaran ('no strings attached', https://pages.stern.nyu.edu/~adamodar/New_Home_Page/datahistory.html#rules); solo agregados por industria; se cita la fuente"
damodaran,US,dividend_yield,1975-12-31,0.0414,decimal,2026-01-09,2026-10-02,https://pages.stern.nyu.edu/~adamodar/New_Home_Page/datafile/histimpl.html,"Uso libre según las reglas de uso de Damodaran ('no strings attached', https://pages.stern.nyu.edu/~adamodar/New_Home_Page/datahistory.html#rules); solo agregados por industria; se cita la fuente"
damodaran,US,sp500_level,1975-12-31,90.19,index,2026-01-09,2026-10-02,https://pages.stern.nyu.edu/~adamodar/New_Home_Page/datafile/histimpl.html,"Uso libre según las reglas de uso de Damodaran ('no strings attached', https://pages.stern.nyu.edu/~adamodar/New_Home_Page/datahistory.html#rules); solo agregados por industria; se cita la fuente"
damodaran,US,sp500_earnings,1975-12-31,7.71,index,2026-01-09,2026-10-02,https://pages.stern.nyu.edu/~adamodar/New_Home_Page/datafile/histimpl.html,"Uso libre según las reglas de uso de Damodaran ('no strings attached', https://pages.stern.nyu.edu/~adamodar/New_Home_Page/datahistory.html#rules); solo agregados por industria; se cita la fuente"
damodaran,US,sp500_dividends,1975-12-31,3.73,index,2026-01-09,2026-10-02,https://pages.stern.nyu.edu/~adamodar/New_Home_Page/datafile/histimpl.html,"Uso libre según las reglas de uso de Damodaran ('no strings attached', https://pages.stern.nyu.edu/~adamodar/New_Home_Page/datahistory.html#rules); solo agregados por industria; se cita la fuente"
damodaran,US,us_tbond_10y,1975-12-31,0.0776,decimal,2026-01-09,2026-10-02,https://pages.stern.nyu.edu/~adamodar/New_Home_Page/datafile/histimpl.html,"Uso libre según las reglas de uso de Damodaran ('no strings attached', https://pages.stern.nyu.edu/~adamodar/New_Home_Page/datahistory.html#rules); solo agregados por industria; se cita la fuente"
damodaran,US,smoothed_growth,1975-12-31,0.0599,decimal,2026-01-09,2026-10-02,https://pages.stern.nyu.edu/~adamodar/New_Home_Page/datafile/histimpl.html,"Uso libre según las reglas de uso de Damodaran ('no strings attached', https://pages.stern.nyu.edu/~adamodar/New_Home_Page/datahistory.html#rules); solo agregados por industria; se cita la fuente"
damodaran,US,implied_erp_fcfe,1975-12-31,0.0412999999999999,decimal,2026-01-09,2026-10-02,https://pages.stern.nyu.edu/~adamodar/New_Home_Page/datafile/histimpl.html,"Uso libre según las reglas de uso de Damodaran ('no strings attached', https://pages.stern.nyu.edu/~adamodar/New_Home_Page/datahistory.html#rules); solo agregados por industria; se cita la fuente"
damodaran,US,earnings_yield,1976-12-31,0.0907,decimal,2026-01-09,2026-10-02,https://pages.stern.nyu.edu/~adamodar/New_Home_Page/datafile/histimpl.html,"Uso libre según las reglas de uso de Damodaran ('no strings attached', https://pages.stern.nyu.edu/~adamodar/New_Home_Page/datahistory.html#rules); solo agregados por industria; se cita la fuente"
damodaran,US,dividend_yield,1976-12-31,0.0393,decimal,2026-01-09,2026-10-02,https://pages.stern.nyu.edu/~adamodar/New_Home_Page/datafile/histimpl.html,"Uso libre según las reglas de uso de Damodaran ('no strings attached', https://pages.stern.nyu.edu/~adamodar/New_Home_Page/datahistory.html#rules); solo agregados por industria; se cita la fuente"
damodaran,US,sp500_level,1976-12-31,107.46,index,2026-01-09,2026-10-02,https://pages.stern.nyu.edu/~adamodar/New_Home_Page/datafile/histimpl.html,"Uso libre según las reglas de uso de Damodaran ('no strings attached', https://pages.stern.nyu.edu/~adamodar/New_Home_Page/datahistory.html#rules); solo agregados por industria; se cita la fuente"
damodaran,US,sp500_earnings,1976-12-31,9.75,index,2026-01-09,2026-10-02,https://pages.stern.nyu.edu/~adamodar/New_Home_Page/datafile/histimpl.html,"Uso libre según las reglas de uso de Damodaran ('no strings attached', https://pages.stern.nyu.edu/~adamodar/New_Home_Page/datahistory.html#rules); solo agregados por industria; se cita la fuente"
damodaran,US,sp500_dividends,1976-12-31,4.22,index,2026-01-09,2026-10-02,https://pages.stern.nyu.edu/~adamodar/New_Home_Page/datafile/histimpl.html,"Uso libre según las reglas de uso de Damodaran ('no strings attached', https://pages.stern.nyu.edu/~adamodar/New_Home_Page/datahistory.html#rules); solo agregados por industria; se cita la fuente"
damodaran,US,us_tbond_10y,1976-12-31,0.0681,decimal,2026-01-09,2026-10-02,https://pages.stern.nyu.edu/~adamodar/New_Home_Page/datafile/histimpl.html,"Uso libre según las reglas de uso de Damodaran ('no strings attached', https://pages.stern.nyu.edu/~adamodar/New_Home_Page/datahistory.html#rules); solo agregados por industria; se cita la fuente"
damodaran,US,smoothed_growth,1976-12-31,0.0819,decimal,2026-01-09,2026-10-02,https://pages.stern.nyu.edu/~adamodar/New_Home_Page/datafile/histimpl.html,"Uso libre según las reglas de uso de Damodaran ('no strings attached', https://pages.stern.nyu.edu/~adamodar/New_Home_Page/datahistory.html#rules); solo agregados por industria; se cita la fuente"
damodaran,US,implied_erp_fcfe,1976-12-31,0.0455,decimal,2026-01-09,2026-10-02,https://pages.stern.nyu.edu/~adamodar/New_Home_Page/datafile/histimpl.html,"Uso libre según las reglas de uso de Damodaran ('no strings attached', https://pages.stern.nyu.edu/~adamodar/New_Home_Page/datahistory.html#rules); solo agregados por industria; se cita la fuente"
damodaran,US,earnings_yield,1977-12-31,0.1143,decimal,2026-01-09,2026-10-02,https://pages.stern.nyu.edu/~adamodar/New_Home_Page/datafile/histimpl.html,"Uso libre según las reglas de uso de Damodaran ('no strings attached', https://pages.stern.nyu.edu/~adamodar/New_Home_Page/datahistory.html#rules); solo agregados por industria; se cita la fuente"
damodaran,US,dividend_yield,1977-12-31,0.0511,decimal,2026-01-09,2026-10-02,https://pages.stern.nyu.edu/~adamodar/New_Home_Page/datafile/histimpl.html,"Uso libre según las reglas de uso de Damodaran ('no strings attached', https://pages.stern.nyu.edu/~adamodar/New_Home_Page/datahistory.html#rules); solo agregados por industria; se cita la fuente"
damodaran,US,sp500_level,1977-12-31,95.1,index,2026-01-09,2026-10-02,https://pages.stern.nyu.edu/~adamodar/New_Home_Page/datafile/histimpl.html,"Uso libre según las reglas de uso de Damodaran ('no strings attached', https://pages.stern.nyu.edu/~adamodar/New_Home_Page/datahistory.html#rules); solo agregados por industria; se cita la fuente"
damodaran,US,sp500_earnings,1977-12-31,10.87,index,2026-01-09,2026-10-02,https://pages.stern.nyu.edu/~adamodar/New_Home_Page/datafile/histimpl.html,"Uso libre según las reglas de uso de Damodaran ('no strings attached', https://pages.stern.nyu.edu/~adamodar/New_Home_Page/datahistory.html#rules); solo agregados por industria; se cita la fuente"
damodaran,US,sp500_dividends,1977-12-31,4.86,index,2026-01-09,2026-10-02,https://pages.stern.nyu.edu/~adamodar/New_Home_Page/datafile/histimpl.html,"Uso libre según las reglas de uso de Damodaran ('no strings attached', https://pages.stern.nyu.edu/~adamodar/New_Home_Page/datahistory.html#rules); solo agregados por industria; se cita la fuente"
damodaran,US,us_tbond_10y,1977-12-31,0.0778,decimal,2026-01-09,2026-10-02,https://pages.stern.nyu.edu/~adamodar/New_Home_Page/datafile/histimpl.html,"Uso libre según las reglas de uso de Damodaran ('no strings attached', https://pages.stern.nyu.edu/~adamodar/New_Home_Page/datahistory.html#rules); solo agregados por industria; se cita la fuente"
damodaran,US,smoothed_growth,1977-12-31,0.0951999999999999,decimal,2026-01-09,2026-10-02,https://pages.stern.nyu.edu/~adamodar/New_Home_Page/datafile/histimpl.html,"Uso libre según las reglas de uso de Damodaran ('no strings attached', https://pages.stern.nyu.edu/~adamodar/New_Home_Page/datahistory.html#rules); solo agregados por industria; se cita la fuente"
damodaran,US,implied_erp_fcfe,1977-12-31,0.0592,decimal,2026-01-09,2026-10-02,https://pages.stern.nyu.edu/~adamodar/New_Home_Page/datafile/histimpl.html,"Uso libre según las reglas de uso de Damodaran ('no strings attached', https://pages.stern.nyu.edu/~adamodar/New_Home_Page/datahistory.html#rules); solo agregados por industria; se cita la fuente"
damodaran,US,earnings_yield,1978-12-31,0.1211,decimal,2026-01-09,2026-10-02,https://pages.stern.nyu.edu/~adamodar/New_Home_Page/datafile/histimpl.html,"Uso libre según las reglas de uso de Damodaran ('no strings attached', https://pages.stern.nyu.edu/~adamodar/New_Home_Page/datahistory.html#rules); solo agregados por industria; se cita la fuente"
damodaran,US,dividend_yield,1978-12-31,0.0538999999999999,decimal,2026-01-09,2026-10-02,https://pages.stern.nyu.edu/~adamodar/New_Home_Page/datafile/histimpl.html,"Uso libre según las reglas de uso de Damodaran ('no strings attached', https://pages.stern.nyu.edu/~adamodar/New_Home_Page/datahistory.html#rules); solo agregados por industria; se cita la fuente"
damodaran,US,sp500_level,1978-12-31,96.11,index,2026-01-09,2026-10-02,https://pages.stern.nyu.edu/~adamodar/New_Home_Page/datafile/histimpl.html,"Uso libre según las reglas de uso de Damodaran ('no strings attached', https://pages.stern.nyu.edu/~adamodar/New_Home_Page/datahistory.html#rules); solo agregados por industria; se cita la fuente"
damodaran,US,sp500_earnings,1978-12-31,11.64,index,2026-01-09,2026-10-02,https://pages.stern.nyu.edu/~adamodar/New_Home_Page/datafile/histimpl.html,"Uso libre según las reglas de uso de Damodaran ('no strings attached', https://pages.stern.nyu.edu/~adamodar/New_Home_Page/datahistory.html#rules); solo agregados por industria; se cita la fuente"
damodaran,US,sp500_dividends,1978-12-31,5.18,index,2026-01-09,2026-10-02,https://pages.stern.nyu.edu/~adamodar/New_Home_Page/datafile/histimpl.html,"Uso libre según las reglas de uso de Damodaran ('no strings attached', https://pages.stern.nyu.edu/~adamodar/New_Home_Page/datahistory.html#rules); solo agregados por industria; se cita la fuente"
damodaran,US,us_tbond_10y,1978-12-31,0.0915,decimal,2026-01-09,2026-10-02,https://pages.stern.nyu.edu/~adamodar/New_Home_Page/datafile/histimpl.html,"Uso libre según las reglas de uso de Damodaran ('no strings attached', https://pages.stern.nyu.edu/~adamodar/New_Home_Page/datahistory.html#rules); solo agregados por industria; se cita la fuente"
damodaran,US,smoothed_growth,1978-12-31,0.0848,decimal,2026-01-09,2026-10-02,https://pages.stern.nyu.edu/~adamodar/New_Home_Page/datafile/histimpl.html,"Uso libre según las reglas de uso de Damodaran ('no strings attached', https://pages.stern.nyu.edu/~adamodar/New_Home_Page/datahistory.html#rules); solo agregados por industria; se cita la fuente"
damodaran,US,implied_erp_fcfe,1978-12-31,0.0572,decimal,2026-01-09,2026-10-02,https://pages.stern.nyu.edu/~adamodar/New_Home_Page/datafile/histimpl.html,"Uso libre según las reglas de uso de Damodaran ('no strings attached', https://pages.stern.nyu.edu/~adamodar/New_Home_Page/datahistory.html#rules); solo agregados por industria; se cita la fuente"
damodaran,US,earnings_yield,1979-12-31,0.1348,decimal,2026-01-09,2026-10-02,https://pages.stern.nyu.edu/~adamodar/New_Home_Page/datafile/histimpl.html,"Uso libre según las reglas de uso de Damodaran ('no strings attached', https://pages.stern.nyu.edu/~adamodar/New_Home_Page/datahistory.html#rules); solo agregados por industria; se cita la fuente"
damodaran,US,dividend_yield,1979-12-31,0.0553,decimal,2026-01-09,2026-10-02,https://pages.stern.nyu.edu/~adamodar/New_Home_Page/datafile/histimpl.html,"Uso libre según las reglas de uso de Damodaran ('no strings attached', https://pages.stern.nyu.edu/~adamodar/New_Home_Page/datahistory.html#rules); solo agregados por industria; se cita la fuente"
damodaran,US,sp500_level,1979-12-31,107.94,index,2026-01-09,2026-10-02,https://pages.stern.nyu.edu/~adamodar/New_Home_Page/datafile/histimpl.html,"Uso libre según las reglas de uso de Damodaran ('no strings attached', https://pages.stern.nyu.edu/~adamodar/New_Home_Page/datahistory.html#rules); solo agregados por industria; se cita la fuente"
damodaran,US,sp500_earnings,1979-12-31,14.55,index,2026-01-09,2026-10-02,https://pages.stern.nyu.edu/~adamodar/New_Home_Page/datafile/histimpl.html,"Uso libre según las reglas de uso de Damodaran ('no strings attached', https://pages.stern.nyu.edu/~adamodar/New_Home_Page/datahistory.html#rules); solo agregados por industria; se cita la fuente"
damodaran,US,sp500_dividends,1979-12-31,5.97,index,2026-01-09,2026-10-02,https://pages.stern.nyu.edu/~adamodar/New_Home_Page/datafile/histimpl.html,"Uso libre según las reglas de uso de Damodaran ('no strings attached', https://pages.stern.nyu.edu/~adamodar/New_Home_Page/datahistory.html#rules); solo agregados por industria; se cita la fuente"
damodaran,US,us_tbond_10y,1979-12-31,0.1033,decimal,2026-01-09,2026-10-02,https://pages.stern.nyu.edu/~adamodar/New_Home_Page/datafile/histimpl.html,"Uso libre según las reglas de uso de Damodaran ('no strings attached', https://pages.stern.nyu.edu/~adamodar/New_Home_Page/datahistory.html#rules); solo agregados por industria; se cita la fuente"
damodaran,US,smoothed_growth,1979-12-31,0.1169999999999999,decimal,2026-01-09,2026-10-02,https://pages.stern.nyu.edu/~adamodar/New_Home_Page/datafile/histimpl.html,"Uso libre según las reglas de uso de Damodaran ('no strings attached', https://pages.stern.nyu.edu/~adamodar/New_Home_Page/datahistory.html#rules); solo agregados por industria; se cita la fuente"
damodaran,US,implied_erp_fcfe,1979-12-31,0.0645,decimal,2026-01-09,2026-10-02,https://pages.stern.nyu.edu/~adamodar/New_Home_Page/datafile/histimpl.html,"Uso libre según las reglas de uso de Damodaran ('no strings attached', https://pages.stern.nyu.edu/~adamodar/New_Home_Page/datahistory.html#rules); solo agregados por industria; se cita la fuente"
damodaran,US,earnings_yield,1980-12-31,0.1104,decimal,2026-01-09,2026-10-02,https://pages.stern.nyu.edu/~adamodar/New_Home_Page/datafile/histimpl.html,"Uso libre según las reglas de uso de Damodaran ('no strings attached', https://pages.stern.nyu.edu/~adamodar/New_Home_Page/datahistory.html#rules); solo agregados por industria; se cita la fuente"
damodaran,US,dividend_yield,1980-12-31,0.0474,decimal,2026-01-09,2026-10-02,https://pages.stern.nyu.edu/~adamodar/New_Home_Page/datafile/histimpl.html,"Uso libre según las reglas de uso de Damodaran ('no strings attached', https://pages.stern.nyu.edu/~adamodar/New_Home_Page/datahistory.html#rules); solo agregados por industria; se cita la fuente"
damodaran,US,sp500_level,1980-12-31,135.76,index,2026-01-09,2026-10-02,https://pages.stern.nyu.edu/~adamodar/New_Home_Page/datafile/histimpl.html,"Uso libre según las reglas de uso de Damodaran ('no strings attached', https://pages.stern.nyu.edu/~adamodar/New_Home_Page/datahistory.html#rules); solo agregados por industria; se cita la fuente"
damodaran,US,sp500_earnings,1980-12-31,14.99,index,2026-01-09,2026-10-02,https://pages.stern.nyu.edu/~adamodar/New_Home_Page/datafile/histimpl.html,"Uso libre según las reglas de uso de Damodaran ('no strings attached', https://pages.stern.nyu.edu/~adamodar/New_Home_Page/datahistory.html#rules); solo agregados por industria; se cita la fuente"
damodaran,US,sp500_dividends,1980-12-31,6.44,index,2026-01-09,2026-10-02,https://pages.stern.nyu.edu/~adamodar/New_Home_Page/datafile/histimpl.html,"Uso libre según las reglas de uso de Damodaran ('no strings attached', https://pages.stern.nyu.edu/~adamodar/New_Home_Page/datahistory.html#rules); solo agregados por industria; se cita la fuente"
damodaran,US,us_tbond_10y,1980-12-31,0.1243,decimal,2026-01-09,2026-10-02,https://pages.stern.nyu.edu/~adamodar/New_Home_Page/datafile/histimpl.html,"Uso libre según las reglas de uso de Damodaran ('no strings attached', https://pages.stern.nyu.edu/~adamodar/New_Home_Page/datahistory.html#rules); solo agregados por industria; se cita la fuente"
damodaran,US,smoothed_growth,1980-12-31,0.1101,decimal,2026-01-09,2026-10-02,https://pages.stern.nyu.edu/~adamodar/New_Home_Page/datafile/histimpl.html,"Uso libre según las reglas de uso de Damodaran ('no strings attached', https://pages.stern.nyu.edu/~adamodar/New_Home_Page/datahistory.html#rules); solo agregados por industria; se cita la fuente"
damodaran,US,implied_erp_fcfe,1980-12-31,0.0503,decimal,2026-01-09,2026-10-02,https://pages.stern.nyu.edu/~adamodar/New_Home_Page/datafile/histimpl.html,"Uso libre según las reglas de uso de Damodaran ('no strings attached', https://pages.stern.nyu.edu/~adamodar/New_Home_Page/datahistory.html#rules); solo agregados por industria; se cita la fuente"
damodaran,US,earnings_yield,1981-12-31,0.1239,decimal,2026-01-09,2026-10-02,https://pages.stern.nyu.edu/~adamodar/New_Home_Page/datafile/histimpl.html,"Uso libre según las reglas de uso de Damodaran ('no strings attached', https://pages.stern.nyu.edu/~adamodar/New_Home_Page/datahistory.html#rules); solo agregados por industria; se cita la fuente"
damodaran,US,dividend_yield,1981-12-31,0.0557,decimal,2026-01-09,2026-10-02,https://pages.stern.nyu.edu/~adamodar/New_Home_Page/datafile/histimpl.html,"Uso libre según las reglas de uso de Damodaran ('no strings attached', https://pages.stern.nyu.edu/~adamodar/New_Home_Page/datahistory.html#rules); solo agregados por industria; se cita la fuente"
damodaran,US,sp500_level,1981-12-31,122.55,index,2026-01-09,2026-10-02,https://pages.stern.nyu.edu/~adamodar/New_Home_Page/datafile/histimpl.html,"Uso libre según las reglas de uso de Damodaran ('no strings attached', https://pages.stern.nyu.edu/~adamodar/New_Home_Page/datahistory.html#rules); solo agregados por industria; se cita la fuente"
damodaran,US,sp500_earnings,1981-12-31,15.18,index,2026-01-09,2026-10-02,https://pages.stern.nyu.edu/~adamodar/New_Home_Page/datafile/histimpl.html,"Uso libre según las reglas de uso de Damodaran ('no strings attached', https://pages.stern.nyu.edu/~adamodar/New_Home_Page/datahistory.html#rules); solo agregados por industria; se cita la fuente"
damodaran,US,sp500_dividends,1981-12-31,6.83,index,2026-01-09,2026-10-02,https://pages.stern.nyu.edu/~adamodar/New_Home_Page/datafile/histimpl.html,"Uso libre según las reglas de uso de Damodaran ('no strings attached', https://pages.stern.nyu.edu/~adamodar/New_Home_Page/datahistory.html#rules); solo agregados por industria; se cita la fuente"
damodaran,US,us_tbond_10y,1981-12-31,0.1398,decimal,2026-01-09,2026-10-02,https://pages.stern.nyu.edu/~adamodar/New_Home_Page/datafile/histimpl.html,"Uso libre según las reglas de uso de Damodaran ('no strings attached', https://pages.stern.nyu.edu/~adamodar/New_Home_Page/datahistory.html#rules); solo agregados por industria; se cita la fuente"
damodaran,US,smoothed_growth,1981-12-31,0.1142,decimal,2026-01-09,2026-10-02,https://pages.stern.nyu.edu/~adamodar/New_Home_Page/datafile/histimpl.html,"Uso libre según las reglas de uso de Damodaran ('no strings attached', https://pages.stern.nyu.edu/~adamodar/New_Home_Page/datahistory.html#rules); solo agregados por industria; se cita la fuente"
damodaran,US,implied_erp_fcfe,1981-12-31,0.0573,decimal,2026-01-09,2026-10-02,https://pages.stern.nyu.edu/~adamodar/New_Home_Page/datafile/histimpl.html,"Uso libre según las reglas de uso de Damodaran ('no strings attached', https://pages.stern.nyu.edu/~adamodar/New_Home_Page/datahistory.html#rules); solo agregados por industria; se cita la fuente"
damodaran,US,earnings_yield,1982-12-31,0.0983,decimal,2026-01-09,2026-10-02,https://pages.stern.nyu.edu/~adamodar/New_Home_Page/datafile/histimpl.html,"Uso libre según las reglas de uso de Damodaran ('no strings attached', https://pages.stern.nyu.edu/~adamodar/New_Home_Page/datahistory.html#rules); solo agregados por industria; se cita la fuente"
damodaran,US,dividend_yield,1982-12-31,0.0493,decimal,2026-01-09,2026-10-02,https://pages.stern.nyu.edu/~adamodar/New_Home_Page/datafile/histimpl.html,"Uso libre según las reglas de uso de Damodaran ('no strings attached', https://pages.stern.nyu.edu/~adamodar/New_Home_Page/datahistory.html#rules); solo agregados por industria; se cita la fuente"
damodaran,US,sp500_level,1982-12-31,140.64,index,2026-01-09,2026-10-02,https://pages.stern.nyu.edu/~adamodar/New_Home_Page/datafile/histimpl.html,"Uso libre según las reglas de uso de Damodaran ('no strings attached', https://pages.stern.nyu.edu/~adamodar/New_Home_Page/datahistory.html#rules); solo agregados por industria; se cita la fuente"
damodaran,US,sp500_earnings,1982-12-31,13.82,index,2026-01-09,2026-10-02,https://pages.stern.nyu.edu/~adamodar/New_Home_Page/datafile/histimpl.html,"Uso libre según las reglas de uso de Damodaran ('no strings attached', https://pages.stern.nyu.edu/~adamodar/New_Home_Page/datahistory.html#rules); solo agregados por industria; se cita la fuente"
damodaran,US,sp500_dividends,1982-12-31,6.93,index,2026-01-09,2026-10-02,https://pages.stern.nyu.edu/~adamodar/New_Home_Page/datafile/histimpl.html,"Uso libre según las reglas de uso de Damodaran ('no strings attached', https://pages.stern.nyu.edu/~adamodar/New_Home_Page/datahistory.html#rules); solo agregados por industria; se cita la fuente"
damodaran,US,us_tbond_10y,1982-12-31,0.1047,decimal,2026-01-09,2026-10-02,https://pages.stern.nyu.edu/~adamodar/New_Home_Page/datafile/histimpl.html,"Uso libre según las reglas de uso de Damodaran ('no strings attached', https://pages.stern.nyu.edu/~adamodar/New_Home_Page/datahistory.html#rules); solo agregados por industria; se cita la fuente"
damodaran,US,smoothed_growth,1982-12-31,0.0796,decimal,2026-01-09,2026-10-02,https://pages.stern.nyu.edu/~adamodar/New_Home_Page/datafile/histimpl.html,"Uso libre según las reglas de uso de Damodaran ('no strings attached', https://pages.stern.nyu.edu/~adamodar/New_Home_Page/datahistory.html#rules); solo agregados por industria; se cita la fuente"
damodaran,US,implied_erp_fcfe,1982-12-31,0.049,decimal,2026-01-09,2026-10-02,https://pages.stern.nyu.edu/~adamodar/New_Home_Page/datafile/histimpl.html,"Uso libre según las reglas de uso de Damodaran ('no strings attached', https://pages.stern.nyu.edu/~adamodar/New_Home_Page/datahistory.html#rules); solo agregados por industria; se cita la fuente"
damodaran,US,earnings_yield,1983-12-31,0.0806,decimal,2026-01-09,2026-10-02,https://pages.stern.nyu.edu/~adamodar/New_Home_Page/datafile/histimpl.html,"Uso libre según las reglas de uso de Damodaran ('no strings attached', https://pages.stern.nyu.edu/~adamodar/New_Home_Page/datahistory.html#rules); solo agregados por industria; se cita la fuente"
damodaran,US,dividend_yield,1983-12-31,0.0432,decimal,2026-01-09,2026-10-02,https://pages.stern.nyu.edu/~adamodar/New_Home_Page/datafile/histimpl.html,"Uso libre según las reglas de uso de Damodaran ('no strings attached', https://pages.stern.nyu.edu/~adamodar/New_Home_Page/datahistory.html#rules); solo agregados por industria; se cita la fuente"
damodaran,US,sp500_level,1983-12-31,164.93,index,2026-01-09,2026-10-02,https://pages.stern.nyu.edu/~adamodar/New_Home_Page/datafile/histimpl.html,"Uso libre según las reglas de uso de Damodaran ('no strings attached', https://pages.stern.nyu.edu/~adamodar/New_Home_Page/datahistory.html#rules); solo agregados por industria; se cita la fuente"
damodaran,US,sp500_earnings,1983-12-31,13.29,index,2026-01-09,2026-10-02,https://pages.stern.nyu.edu/~adamodar/New_Home_Page/datafile/histimpl.html,"Uso libre según las reglas de uso de Damodaran ('no strings attached', https://pages.stern.nyu.edu/~adamodar/New_Home_Page/datahistory.html#rules); solo agregados por industria; se cita la fuente"
damodaran,US,sp500_dividends,1983-12-31,7.12,index,2026-01-09,2026-10-02,https://pages.stern.nyu.edu/~adamodar/New_Home_Page/datafile/histimpl.html,"Uso libre según las reglas de uso de Damodaran ('no strings attached', https://pages.stern.nyu.edu/~adamodar/New_Home_Page/datahistory.html#rules); solo agregados por industria; se cita la fuente"
damodaran,US,us_tbond_10y,1983-12-31,0.118,decimal,2026-01-09,2026-10-02,https://pages.stern.nyu.edu/~adamodar/New_Home_Page/datafile/histimpl.html,"Uso libre según las reglas de uso de Damodaran ('no strings attached', https://pages.stern.nyu.edu/~adamodar/New_Home_Page/datahistory.html#rules); solo agregados por industria; se cita la fuente"
damodaran,US,smoothed_growth,1983-12-31,0.0909,decimal,2026-01-09,2026-10-02,https://pages.stern.nyu.edu/~adamodar/New_Home_Page/datafile/histimpl.html,"Uso libre según las reglas de uso de Damodaran ('no strings attached', https://pages.stern.nyu.edu/~adamodar/New_Home_Page/datahistory.html#rules); solo agregados por industria; se cita la fuente"
damodaran,US,implied_erp_fcfe,1983-12-31,0.0431,decimal,2026-01-09,2026-10-02,https://pages.stern.nyu.edu/~adamodar/New_Home_Page/datafile/histimpl.html,"Uso libre según las reglas de uso de Damodaran ('no strings attached', https://pages.stern.nyu.edu/~adamodar/New_Home_Page/datahistory.html#rules); solo agregados por industria; se cita la fuente"
damodaran,US,earnings_yield,1984-12-31,0.1007,decimal,2026-01-09,2026-10-02,https://pages.stern.nyu.edu/~adamodar/New_Home_Page/datafile/histimpl.html,"Uso libre según las reglas de uso de Damodaran ('no strings attached', https://pages.stern.nyu.edu/~adamodar/New_Home_Page/datahistory.html#rules); solo agregados por industria; se cita la fuente"
damodaran,US,dividend_yield,1984-12-31,0.0467999999999999,decimal,2026-01-09,2026-10-02,https://pages.stern.nyu.edu/~adamodar/New_Home_Page/datafile/histimpl.html,"Uso libre según las reglas de uso de Damodaran ('no strings attached', https://pages.stern.nyu.edu/~adamodar/New_Home_Page/datahistory.html#rules); solo agregados por industria; se cita la fuente"
damodaran,US,sp500_level,1984-12-31,167.24,index,2026-01-09,2026-10-02,https://pages.stern.nyu.edu/~adamodar/New_Home_Page/datafile/histimpl.html,"Uso libre según las reglas de uso de Damodaran ('no strings attached', https://pages.stern.nyu.edu/~adamodar/New_Home_Page/datahistory.html#rules); solo agregados por industria; se cita la fuente"
damodaran,US,sp500_earnings,1984-12-31,16.84,index,2026-01-09,2026-10-02,https://pages.stern.nyu.edu/~adamodar/New_Home_Page/datafile/histimpl.html,"Uso libre según las reglas de uso de Damodaran ('no strings attached', https://pages.stern.nyu.edu/~adamodar/New_Home_Page/datahistory.html#rules); solo agregados por industria; se cita la fuente"
damodaran,US,sp500_dividends,1984-12-31,7.83,index,2026-01-09,2026-10-02,https://pages.stern.nyu.edu/~adamodar/New_Home_Page/datafile/histimpl.html,"Uso libre según las reglas de uso de Damodaran ('no strings attached', https://pages.stern.nyu.edu/~adamodar/New_Home_Page/datahistory.html#rules); solo agregados por industria; se cita la fuente"
damodaran,US,us_tbond_10y,1984-12-31,0.1151,decimal,2026-01-09,2026-10-02,https://pages.stern.nyu.edu/~adamodar/New_Home_Page/datafile/histimpl.html,"Uso libre según las reglas de uso de Damodaran ('no strings attached', https://pages.stern.nyu.edu/~adamodar/New_Home_Page/datahistory.html#rules); solo agregados por industria; se cita la fuente"
damodaran,US,smoothed_growth,1984-12-31,0.1101999999999999,decimal,2026-01-09,2026-10-02,https://pages.stern.nyu.edu/~adamodar/New_Home_Page/datafile/histimpl.html,"Uso libre según las reglas de uso de Damodaran ('no strings attached', https://pages.stern.nyu.edu/~adamodar/New_Home_Page/datahistory.html#rules); solo agregados por industria; se cita la fuente"
damodaran,US,implied_erp_fcfe,1984-12-31,0.0511,decimal,2026-01-09,2026-10-02,https://pages.stern.nyu.edu/~adamodar/New_Home_Page/datafile/histimpl.html,"Uso libre según las reglas de uso de Damodaran ('no strings attached', https://pages.stern.nyu.edu/~adamodar/New_Home_Page/datahistory.html#rules); solo agregados por industria; se cita la fuente"
damodaran,US,earnings_yield,1985-12-31,0.0742,decimal,2026-01-09,2026-10-02,https://pages.stern.nyu.edu/~adamodar/New_Home_Page/datafile/histimpl.html,"Uso libre según las reglas de uso de Damodaran ('no strings attached', https://pages.stern.nyu.edu/~adamodar/New_Home_Page/datahistory.html#rules); solo agregados por industria; se cita la fuente"
damodaran,US,dividend_yield,1985-12-31,0.0388,decimal,2026-01-09,2026-10-02,https://pages.stern.nyu.edu/~adamodar/New_Home_Page/datafile/histimpl.html,"Uso libre según las reglas de uso de Damodaran ('no strings attached', https://pages.stern.nyu.edu/~adamodar/New_Home_Page/datahistory.html#rules); solo agregados por industria; se cita la fuente"
damodaran,US,sp500_level,1985-12-31,211.28,index,2026-01-09,2026-10-02,https://pages.stern.nyu.edu/~adamodar/New_Home_Page/datafile/histimpl.html,"Uso libre según las reglas de uso de Damodaran ('no strings attached', https://pages.stern.nyu.edu/~adamodar/New_Home_Page/datahistory.html#rules); solo agregados por industria; se cita la fuente"
damodaran,US,sp500_earnings,1985-12-31,15.68,index,2026-01-09,2026-10-02,https://pages.stern.nyu.edu/~adamodar/New_Home_Page/datafile/histimpl.html,"Uso libre según las reglas de uso de Damodaran ('no strings attached', https://pages.stern.nyu.edu/~adamodar/New_Home_Page/datahistory.html#rules); solo agregados por industria; se cita la fuente"
damodaran,US,sp500_dividends,1985-12-31,8.2,index,2026-01-09,2026-10-02,https://pages.stern.nyu.edu/~adamodar/New_Home_Page/datafile/histimpl.html,"Uso libre según las reglas de uso de Damodaran ('no strings attached', https://pages.stern.nyu.edu/~adamodar/New_Home_Page/datahistory.html#rules); solo agregados por industria; se cita la fuente"
damodaran,US,us_tbond_10y,1985-12-31,0.0899,decimal,2026-01-09,2026-10-02,https://pages.stern.nyu.edu/~adamodar/New_Home_Page/datafile/histimpl.html,"Uso libre según las reglas de uso de Damodaran ('no strings attached', https://pages.stern.nyu.edu/~adamodar/New_Home_Page/datahistory.html#rules); solo agregados por industria; se cita la fuente"
damodaran,US,smoothed_growth,1985-12-31,0.0789,decimal,2026-01-09,2026-10-02,https://pages.stern.nyu.edu/~adamodar/New_Home_Page/datafile/histimpl.html,"Uso libre según las reglas de uso de Damodaran ('no strings attached', https://pages.stern.nyu.edu/~adamodar/New_Home_Page/datahistory.html#rules); solo agregados por industria; se cita la fuente"
damodaran,US,implied_erp_fcfe,1985-12-31,0.0384,decimal,2026-01-09,2026-10-02,https://pages.stern.nyu.edu/~adamodar/New_Home_Page/datafile/histimpl.html,"Uso libre según las reglas de uso de Damodaran ('no strings attached', https://pages.stern.nyu.edu/~adamodar/New_Home_Page/datahistory.html#rules); solo agregados por industria; se cita la fuente"
damodaran,US,earnings_yield,1986-12-31,0.0596,decimal,2026-01-09,2026-10-02,https://pages.stern.nyu.edu/~adamodar/New_Home_Page/datafile/histimpl.html,"Uso libre según las reglas de uso de Damodaran ('no strings attached', https://pages.stern.nyu.edu/~adamodar/New_Home_Page/datahistory.html#rules); solo agregados por industria; se cita la fuente"
damodaran,US,dividend_yield,1986-12-31,0.0338,decimal,2026-01-09,2026-10-02,https://pages.stern.nyu.edu/~adamodar/New_Home_Page/datafile/histimpl.html,"Uso libre según las reglas de uso de Damodaran ('no strings attached', https://pages.stern.nyu.edu/~adamodar/New_Home_Page/datahistory.html#rules); solo agregados por industria; se cita la fuente"
damodaran,US,sp500_level,1986-12-31,242.17,index,2026-01-09,2026-10-02,https://pages.stern.nyu.edu/~adamodar/New_Home_Page/datafile/histimpl.html,"Uso libre según las reglas de uso de Damodaran ('no strings attached', https://pages.stern.nyu.edu/~adamodar/New_Home_Page/datahistory.html#rules); solo agregados por industria; se cita la fuente"
damodaran,US,sp500_earnings,1986-12-31,14.43,index,2026-01-09,2026-10-02,https://pages.stern.nyu.edu/~adamodar/New_Home_Page/datafile/histimpl.html,"Uso libre según las reglas de uso de Damodaran ('no strings attached', https://pages.stern.nyu.edu/~adamodar/New_Home_Page/datahistory.html#rules); solo agregados por industria; se cita la fuente"
damodaran,US,sp500_dividends,1986-12-31,8.19,index,2026-01-09,2026-10-02,https://pages.stern.nyu.edu/~adamodar/New_Home_Page/datafile/histimpl.html,"Uso libre según las reglas de uso de Damodaran ('no strings attached', https://pages.stern.nyu.edu/~adamodar/New_Home_Page/datahistory.html#rules); solo agregados por industria; se cita la fuente"
damodaran,US,us_tbond_10y,1986-12-31,0.0722,decimal,2026-01-09,2026-10-02,https://pages.stern.nyu.edu/~adamodar/New_Home_Page/datafile/histimpl.html,"Uso libre según las reglas de uso de Damodaran ('no strings attached', https://pages.stern.nyu.edu/~adamodar/New_Home_Page/datahistory.html#rules); solo agregados por industria; se cita la fuente"
damodaran,US,smoothed_growth,1986-12-31,0.0554,decimal,2026-01-09,2026-10-02,https://pages.stern.nyu.edu/~adamodar/New_Home_Page/datafile/histimpl.html,"Uso libre según las reglas de uso de Damodaran ('no strings attached', https://pages.stern.nyu.edu/~adamodar/New_Home_Page/datahistory.html#rules); solo agregados por industria; se cita la fuente"
damodaran,US,implied_erp_fcfe,1986-12-31,0.0358,decimal,2026-01-09,2026-10-02,https://pages.stern.nyu.edu/~adamodar/New_Home_Page/datafile/histimpl.html,"Uso libre según las reglas de uso de Damodaran ('no strings attached', https://pages.stern.nyu.edu/~adamodar/New_Home_Page/datahistory.html#rules); solo agregados por industria; se cita la fuente"
damodaran,US,earnings_yield,1987-12-31,0.0649,decimal,2026-01-09,2026-10-02,https://pages.stern.nyu.edu/~adamodar/New_Home_Page/datafile/histimpl.html,"Uso libre según las reglas de uso de Damodaran ('no strings attached', https://pages.stern.nyu.edu/~adamodar/New_Home_Page/datahistory.html#rules); solo agregados por industria; se cita la fuente"
damodaran,US,dividend_yield,1987-12-31,0.0371,decimal,2026-01-09,2026-10-02,https://pages.stern.nyu.edu/~adamodar/New_Home_Page/datafile/histimpl.html,"Uso libre según las reglas de uso de Damodaran ('no strings attached', https://pages.stern.nyu.edu/~adamodar/New_Home_Page/datahistory.html#rules); solo agregados por industria; se cita la fuente"
damodaran,US,sp500_level,1987-12-31,247.08,index,2026-01-09,2026-10-02,https://pages.stern.nyu.edu/~adamodar/New_Home_Page/datafile/histimpl.html,"Uso libre según las reglas de uso de Damodaran ('no strings attached', https://pages.stern.nyu.edu/~adamodar/New_Home_Page/datahistory.html#rules); solo agregados por industria; se cita la fuente"
damodaran,US,sp500_earnings,1987-12-31,16.04,index,2026-01-09,2026-10-02,https://pages.stern.nyu.edu/~adamodar/New_Home_Page/datafile/histimpl.html,"Uso libre según las reglas de uso de Damodaran ('no strings attached', https://pages.stern.nyu.edu/~adamodar/New_Home_Page/datahistory.html#rules); solo agregados por industria; se cita la fuente"
damodaran,US,sp500_dividends,1987-12-31,9.17,index,2026-01-09,2026-10-02,https://pages.stern.nyu.edu/~adamodar/New_Home_Page/datafile/histimpl.html,"Uso libre según las reglas de uso de Damodaran ('no strings attached', https://pages.stern.nyu.edu/~adamodar/New_Home_Page/datahistory.html#rules); solo agregados por industria; se cita la fuente"
damodaran,US,us_tbond_10y,1987-12-31,0.0886,decimal,2026-01-09,2026-10-02,https://pages.stern.nyu.edu/~adamodar/New_Home_Page/datafile/histimpl.html,"Uso libre según las reglas de uso de Damodaran ('no strings attached', https://pages.stern.nyu.edu/~adamodar/New_Home_Page/datahistory.html#rules); solo agregados por industria; se cita la fuente"
damodaran,US,smoothed_growth,1987-12-31,0.0966,decimal,2026-01-09,2026-10-02,https://pages.stern.nyu.edu/~adamodar/New_Home_Page/datafile/histimpl.html,"Uso libre según las reglas de uso de Damodaran ('no strings attached', https://pages.stern.nyu.edu/~adamodar/New_Home_Page/datahistory.html#rules); solo agregados por industria; se cita la fuente"
damodaran,US,implied_erp_fcfe,1987-12-31,0.0399,decimal,2026-01-09,2026-10-02,https://pages.stern.nyu.edu/~adamodar/New_Home_Page/datafile/histimpl.html,"Uso libre según las reglas de uso de Damodaran ('no strings attached', https://pages.stern.nyu.edu/~adamodar/New_Home_Page/datahistory.html#rules); solo agregados por industria; se cita la fuente"
damodaran,US,earnings_yield,1988-12-31,0.0819999999999999,decimal,2026-01-09,2026-10-02,https://pages.stern.nyu.edu/~adamodar/New_Home_Page/datafile/histimpl.html,"Uso libre según las reglas de uso de Damodaran ('no strings attached', https://pages.stern.nyu.edu/~adamodar/New_Home_Page/datahistory.html#rules); solo agregados por industria; se cita la fuente"
damodaran,US,dividend_yield,1988-12-31,0.0368,decimal,2026-01-09,2026-10-02,https://pages.stern.nyu.edu/~adamodar/New_Home_Page/datafile/histimpl.html,"Uso libre según las reglas de uso de Damodaran ('no strings attached', https://pages.stern.nyu.edu/~adamodar/New_Home_Page/datahistory.html#rules); solo agregados por industria; se cita la fuente"
damodaran,US,sp500_level,1988-12-31,277.72,index,2026-01-09,2026-10-02,https://pages.stern.nyu.edu/~adamodar/New_Home_Page/datafile/histimpl.html,"Uso libre según las reglas de uso de Damodaran ('no strings attached', https://pages.stern.nyu.edu/~adamodar/New_Home_Page/datahistory.html#rules); solo agregados por industria; se cita la fuente"
damodaran,US,sp500_earnings,1988-12-31,24.12,index,2026-01-09,2026-10-02,https://pages.stern.nyu.edu/~adamodar/New_Home_Page/datafile/histimpl.html,"Uso libre según las reglas de uso de Damodaran ('no strings attached', https://pages.stern.nyu.edu/~adamodar/New_Home_Page/datahistory.html#rules); solo agregados por industria; se cita la fuente"
damodaran,US,sp500_dividends,1988-12-31,10.22,index,2026-01-09,2026-10-02,https://pages.stern.nyu.edu/~adamodar/New_Home_Page/datafile/histimpl.html,"Uso libre según las reglas de uso de Damodaran ('no strings attached', https://pages.stern.nyu.edu/~adamodar/New_Home_Page/datahistory.html#rules); solo agregados por industria; se cita la fuente"
damodaran,US,us_tbond_10y,1988-12-31,0.0914,decimal,2026-01-09,2026-10-02,https://pages.stern.nyu.edu/~adamodar/New_Home_Page/datafile/histimpl.html,"Uso libre según las reglas de uso de Damodaran ('no strings attached', https://pages.stern.nyu.edu/~adamodar/New_Home_Page/datahistory.html#rules); solo agregados por industria; se cita la fuente"
damodaran,US,smoothed_growth,1988-12-31,0.0975999999999999,decimal,2026-01-09,2026-10-02,https://pages.stern.nyu.edu/~adamodar/New_Home_Page/datafile/histimpl.html,"Uso libre según las reglas de uso de Damodaran ('no strings attached', https://pages.stern.nyu.edu/~adamodar/New_Home_Page/datahistory.html#rules); solo agregados por industria; se cita la fuente"
damodaran,US,implied_erp_fcfe,1988-12-31,0.0377,decimal,2026-01-09,2026-10-02,https://pages.stern.nyu.edu/~adamodar/New_Home_Page/datafile/histimpl.html,"Uso libre según las reglas de uso de Damodaran ('no strings attached', https://pages.stern.nyu.edu/~adamodar/New_Home_Page/datahistory.html#rules); solo agregados por industria; se cita la fuente"
damodaran,US,earnings_yield,1989-12-31,0.068,decimal,2026-01-09,2026-10-02,https://pages.stern.nyu.edu/~adamodar/New_Home_Page/datafile/histimpl.html,"Uso libre según las reglas de uso de Damodaran ('no strings attached', https://pages.stern.nyu.edu/~adamodar/New_Home_Page/datahistory.html#rules); solo agregados por industria; se cita la fuente"
damodaran,US,dividend_yield,1989-12-31,0.0332,decimal,2026-01-09,2026-10-02,https://pages.stern.nyu.edu/~adamodar/New_Home_Page/datafile/histimpl.html,"Uso libre según las reglas de uso de Damodaran ('no strings attached', https://pages.stern.nyu.edu/~adamodar/New_Home_Page/datahistory.html#rules); solo agregados por industria; se cita la fuente"
damodaran,US,sp500_level,1989-12-31,353.4,index,2026-01-09,2026-10-02,https://pages.stern.nyu.edu/~adamodar/New_Home_Page/datafile/histimpl.html,"Uso libre según las reglas de uso de Damodaran ('no strings attached', https://pages.stern.nyu.edu/~adamodar/New_Home_Page/datahistory.html#rules); solo agregados por industria; se cita la fuente"
damodaran,US,sp500_earnings,1989-12-31,24.32,index,2026-01-09,2026-10-02,https://pages.stern.nyu.edu/~adamodar/New_Home_Page/datafile/histimpl.html,"Uso libre según las reglas de uso de Damodaran ('no strings attached', https://pages.stern.nyu.edu/~adamodar/New_Home_Page/datahistory.html#rules); solo agregados por industria; se cita la fuente"
damodaran,US,sp500_dividends,1989-12-31,11.73,index,2026-01-09,2026-10-02,https://pages.stern.nyu.edu/~adamodar/New_Home_Page/datafile/histimpl.html,"Uso libre según las reglas de uso de Damodaran ('no strings attached', https://pages.stern.nyu.edu/~adamodar/New_Home_Page/datahistory.html#rules); solo agregados por industria; se cita la fuente"
damodaran,US,us_tbond_10y,1989-12-31,0.0793,decimal,2026-01-09,2026-10-02,https://pages.stern.nyu.edu/~adamodar/New_Home_Page/datafile/histimpl.html,"Uso libre según las reglas de uso de Damodaran ('no strings attached', https://pages.stern.nyu.edu/~adamodar/New_Home_Page/datahistory.html#rules); solo agregados por industria; se cita la fuente"
damodaran,US,smoothed_growth,1989-12-31,0.0958,decimal,2026-01-09,2026-10-02,https://pages.stern.nyu.edu/~adamodar/New_Home_Page/datafile/histimpl.html,"Uso libre según las reglas de uso de Damodaran ('no strings attached', https://pages.stern.nyu.edu/~adamodar/New_Home_Page/datahistory.html#rules); solo agregados por industria; se cita la fuente"
damodaran,US,implied_erp_fcfe,1989-12-31,0.0351,decimal,2026-01-09,2026-10-02,https://pages.stern.nyu.edu/~adamodar/New_Home_Page/datafile/histimpl.html,"Uso libre según las reglas de uso de Damodaran ('no strings attached', https://pages.stern.nyu.edu/~adamodar/New_Home_Page/datahistory.html#rules); solo agregados por industria; se cita la fuente"
damodaran,US,earnings_yield,1990-12-31,0.0658,decimal,2026-01-09,2026-10-02,https://pages.stern.nyu.edu/~adamodar/New_Home_Page/datafile/histimpl.html,"Uso libre según las reglas de uso de Damodaran ('no strings attached', https://pages.stern.nyu.edu/~adamodar/New_Home_Page/datahistory.html#rules); solo agregados por industria; se cita la fuente"
damodaran,US,dividend_yield,1990-12-31,0.0374,decimal,2026-01-09,2026-10-02,https://pages.stern.nyu.edu/~adamodar/New_Home_Page/datafile/histimpl.html,"Uso libre según las reglas de uso de Damodaran ('no strings attached', https://pages.stern.nyu.edu/~adamodar/New_Home_Page/datahistory.html#rules); solo agregados por industria; se cita la fuente"
damodaran,US,sp500_level,1990-12-31,330.22,index,2026-01-09,2026-10-02,https://pages.stern.nyu.edu/~adamodar/New_Home_Page/datafile/histimpl.html,"Uso libre según las reglas de uso de Damodaran ('no strings attached', https://pages.stern.nyu.edu/~adamodar/New_Home_Page/datahistory.html#rules); solo agregados por industria; se cita la fuente"
damodaran,US,sp500_earnings,1990-12-31,22.65,index,2026-01-09,2026-10-02,https://pages.stern.nyu.edu/~adamodar/New_Home_Page/datafile/histimpl.html,"Uso libre según las reglas de uso de Damodaran ('no strings attached', https://pages.stern.nyu.edu/~adamodar/New_Home_Page/datahistory.html#rules); solo agregados por industria; se cita la fuente"
damodaran,US,sp500_dividends,1990-12-31,12.35,index,2026-01-09,2026-10-02,https://pages.stern.nyu.edu/~adamodar/New_Home_Page/datafile/histimpl.html,"Uso libre según las reglas de uso de Damodaran ('no strings attached', https://pages.stern.nyu.edu/~adamodar/New_Home_Page/datahistory.html#rules); solo agregados por industria; se cita la fuente"
damodaran,US,us_tbond_10y,1990-12-31,0.0807,decimal,2026-01-09,2026-10-02,https://pages.stern.nyu.edu/~adamodar/New_Home_Page/datafile/histimpl.html,"Uso libre según las reglas de uso de Damodaran ('no strings attached', https://pages.stern.nyu.edu/~adamodar/New_Home_Page/datahistory.html#rules); solo agregados por industria; se cita la fuente"
damodaran,US,smoothed_growth,1990-12-31,0.0739,decimal,2026-01-09,2026-10-02,https://pages.stern.nyu.edu/~adamodar/New_Home_Page/datafile/histimpl.html,"Uso libre según las reglas de uso de Damodaran ('no strings attached', https://pages.stern.nyu.edu/~adamodar/New_Home_Page/datahistory.html#rules); solo agregados por industria; se cita la fuente"
damodaran,US,implied_erp_fcfe,1990-12-31,0.0389,decimal,2026-01-09,2026-10-02,https://pages.stern.nyu.edu/~adamodar/New_Home_Page/datafile/histimpl.html,"Uso libre según las reglas de uso de Damodaran ('no strings attached', https://pages.stern.nyu.edu/~adamodar/New_Home_Page/datahistory.html#rules); solo agregados por industria; se cita la fuente"
damodaran,US,earnings_yield,1991-12-31,0.0458,decimal,2026-01-09,2026-10-02,https://pages.stern.nyu.edu/~adamodar/New_Home_Page/datafile/histimpl.html,"Uso libre según las reglas de uso de Damodaran ('no strings attached', https://pages.stern.nyu.edu/~adamodar/New_Home_Page/datahistory.html#rules); solo agregados por industria; se cita la fuente"
damodaran,US,dividend_yield,1991-12-31,0.0311,decimal,2026-01-09,2026-10-02,https://pages.stern.nyu.edu/~adamodar/New_Home_Page/datafile/histimpl.html,"Uso libre según las reglas de uso de Damodaran ('no strings attached', https://pages.stern.nyu.edu/~adamodar/New_Home_Page/datahistory.html#rules); solo agregados por industria; se cita la fuente"
damodaran,US,sp500_level,1991-12-31,417.09,index,2026-01-09,2026-10-02,https://pages.stern.nyu.edu/~adamodar/New_Home_Page/datafile/histimpl.html,"Uso libre según las reglas de uso de Damodaran ('no strings attached', https://pages.stern.nyu.edu/~adamodar/New_Home_Page/datahistory.html#rules); solo agregados por industria; se cita la fuente"
damodaran,US,sp500_earnings,1991-12-31,19.3,index,2026-01-09,2026-10-02,https://pages.stern.nyu.edu/~adamodar/New_Home_Page/datafile/histimpl.html,"Uso libre según las reglas de uso de Damodaran ('no strings attached', https://pages.stern.nyu.edu/~adamodar/New_Home_Page/datahistory.html#rules); solo agregados por industria; se cita la fuente"
damodaran,US,sp500_dividends,1991-12-31,12.97,index,2026-01-09,2026-10-02,https://pages.stern.nyu.edu/~adamodar/New_Home_Page/datafile/histimpl.html,"Uso libre según las reglas de uso de Damodaran ('no strings attached', https://pages.stern.nyu.edu/~adamodar/New_Home_Page/datahistory.html#rules); solo agregados por industria; se cita la fuente"
damodaran,US,us_tbond_10y,1991-12-31,0.067,decimal,2026-01-09,2026-10-02,https://pages.stern.nyu.edu/~adamodar/New_Home_Page/datafile/histimpl.html,"Uso libre según las reglas de uso de Damodaran ('no strings attached', https://pages.stern.nyu.edu/~adamodar/New_Home_Page/datahistory.html#rules); solo agregados por industria; se cita la fuente"
damodaran,US,smoothed_growth,1991-12-31,0.0634,decimal,2026-01-09,2026-10-02,https://pages.stern.nyu.edu/~adamodar/New_Home_Page/datafile/histimpl.html,"Uso libre según las reglas de uso de Damodaran ('no strings attached', https://pages.stern.nyu.edu/~adamodar/New_Home_Page/datahistory.html#rules); solo agregados por industria; se cita la fuente"
damodaran,US,implied_erp_fcfe,1991-12-31,0.0348,decimal,2026-01-09,2026-10-02,https://pages.stern.nyu.edu/~adamodar/New_Home_Page/datafile/histimpl.html,"Uso libre según las reglas de uso de Damodaran ('no strings attached', https://pages.stern.nyu.edu/~adamodar/New_Home_Page/datahistory.html#rules); solo agregados por industria; se cita la fuente"
damodaran,US,earnings_yield,1992-12-31,0.0416,decimal,2026-01-09,2026-10-02,https://pages.stern.nyu.edu/~adamodar/New_Home_Page/datafile/histimpl.html,"Uso libre según las reglas de uso de Damodaran ('no strings attached', https://pages.stern.nyu.edu/~adamodar/New_Home_Page/datahistory.html#rules); solo agregados por industria; se cita la fuente"
damodaran,US,dividend_yield,1992-12-31,0.0289999999999999,decimal,2026-01-09,2026-10-02,https://pages.stern.nyu.edu/~adamodar/New_Home_Page/datafile/histimpl.html,"Uso libre según las reglas de uso de Damodaran ('no strings attached', https://pages.stern.nyu.edu/~adamodar/New_Home_Page/datahistory.html#rules); solo agregados por industria; se cita la fuente"
damodaran,US,sp500_level,1992-12-31,435.71,index,2026-01-09,2026-10-02,https://pages.stern.nyu.edu/~adamodar/New_Home_Page/datafile/histimpl.html,"Uso libre según las reglas de uso de Damodaran ('no strings attached', https://pages.stern.nyu.edu/~adamodar/New_Home_Page/datahistory.html#rules); solo agregados por industria; se cita la fuente"
damodaran,US,sp500_earnings,1992-12-31,20.87,index,2026-01-09,2026-10-02,https://pages.stern.nyu.edu/~adamodar/New_Home_Page/datafile/histimpl.html,"Uso libre según las reglas de uso de Damodaran ('no strings attached', https://pages.stern.nyu.edu/~adamodar/New_Home_Page/datahistory.html#rules); solo agregados por industria; se cita la fuente"
damodaran,US,sp500_dividends,1992-12-31,12.64,index,2026-01-09,2026-10-02,https://pages.stern.nyu.edu/~adamodar/New_Home_Page/datafile/histimpl.html,"Uso libre según las reglas de uso de Damodaran ('no strings attached', https://pages.stern.nyu.edu/~adamodar/New_Home_Page/datahistory.html#rules); solo agregados por industria; se cita la fuente"
damodaran,US,us_tbond_10y,1992-12-31,0.0668,decimal,2026-01-09,2026-10-02,https://pages.stern.nyu.edu/~adamodar/New_Home_Page/datafile/histimpl.html,"Uso libre según las reglas de uso de Damodaran ('no strings attached', https://pages.stern.nyu.edu/~adamodar/New_Home_Page/datahistory.html#rules); solo agregados por industria; se cita la fuente"
damodaran,US,smoothed_growth,1992-12-31,0.0467,decimal,2026-01-09,2026-10-02,https://pages.stern.nyu.edu/~adamodar/New_Home_Page/datafile/histimpl.html,"Uso libre según las reglas de uso de Damodaran ('no strings attached', https://pages.stern.nyu.edu/~adamodar/New_Home_Page/datahistory.html#rules); solo agregados por industria; se cita la fuente"
damodaran,US,implied_erp_fcfe,1992-12-31,0.0355,decimal,2026-01-09,2026-10-02,https://pages.stern.nyu.edu/~adamodar/New_Home_Page/datafile/histimpl.html,"Uso libre según las reglas de uso de Damodaran ('no strings attached', https://pages.stern.nyu.edu/~adamodar/New_Home_Page/datahistory.html#rules); solo agregados por industria; se cita la fuente"
damodaran,US,earnings_yield,1993-12-31,0.0425,decimal,2026-01-09,2026-10-02,https://pages.stern.nyu.edu/~adamodar/New_Home_Page/datafile/histimpl.html,"Uso libre según las reglas de uso de Damodaran ('no strings attached', https://pages.stern.nyu.edu/~adamodar/New_Home_Page/datahistory.html#rules); solo agregados por industria; se cita la fuente"
damodaran,US,dividend_yield,1993-12-31,0.0272,decimal,2026-01-09,2026-10-02,https://pages.stern.nyu.edu/~adamodar/New_Home_Page/datafile/histimpl.html,"Uso libre según las reglas de uso de Damodaran ('no strings attached', https://pages.stern.nyu.edu/~adamodar/New_Home_Page/datahistory.html#rules); solo agregados por industria; se cita la fuente"
damodaran,US,sp500_level,1993-12-31,466.45,index,2026-01-09,2026-10-02,https://pages.stern.nyu.edu/~adamodar/New_Home_Page/datafile/histimpl.html,"Uso libre según las reglas de uso de Damodaran ('no strings attached', https://pages.stern.nyu.edu/~adamodar/New_Home_Page/datahistory.html#rules); solo agregados por industria; se cita la fuente"
damodaran,US,sp500_earnings,1993-12-31,26.9,index,2026-01-09,2026-10-02,https://pages.stern.nyu.edu/~adamodar/New_Home_Page/datafile/histimpl.html,"Uso libre según las reglas de uso de Damodaran ('no strings attached', https://pages.stern.nyu.edu/~adamodar/New_Home_Page/datahistory.html#rules); solo agregados por industria; se cita la fuente"
damodaran,US,sp500_dividends,1993-12-31,12.69,index,2026-01-09,2026-10-02,https://pages.stern.nyu.edu/~adamodar/New_Home_Page/datafile/histimpl.html,"Uso libre según las reglas de uso de Damodaran ('no strings attached', https://pages.stern.nyu.edu/~adamodar/New_Home_Page/datahistory.html#rules); solo agregados por industria; se cita la fuente"
damodaran,US,us_tbond_10y,1993-12-31,0.0579,decimal,2026-01-09,2026-10-02,https://pages.stern.nyu.edu/~adamodar/New_Home_Page/datafile/histimpl.html,"Uso libre según las reglas de uso de Damodaran ('no strings attached', https://pages.stern.nyu.edu/~adamodar/New_Home_Page/datahistory.html#rules); solo agregados por industria; se cita la fuente"
damodaran,US,smoothed_growth,1993-12-31,0.0473,decimal,2026-01-09,2026-10-02,https://pages.stern.nyu.edu/~adamodar/New_Home_Page/datafile/histimpl.html,"Uso libre según las reglas de uso de Damodaran ('no strings attached', https://pages.stern.nyu.edu/~adamodar/New_Home_Page/datahistory.html#rules); solo agregados por industria; se cita la fuente"
damodaran,US,implied_erp_fcfe,1993-12-31,0.0317,decimal,2026-01-09,2026-10-02,https://pages.stern.nyu.edu/~adamodar/New_Home_Page/datafile/histimpl.html,"Uso libre según las reglas de uso de Damodaran ('no strings attached', https://pages.stern.nyu.edu/~adamodar/New_Home_Page/datahistory.html#rules); solo agregados por industria; se cita la fuente"
damodaran,US,earnings_yield,1994-12-31,0.0588999999999999,decimal,2026-01-09,2026-10-02,https://pages.stern.nyu.edu/~adamodar/New_Home_Page/datafile/histimpl.html,"Uso libre según las reglas de uso de Damodaran ('no strings attached', https://pages.stern.nyu.edu/~adamodar/New_Home_Page/datahistory.html#rules); solo agregados por industria; se cita la fuente"
damodaran,US,dividend_yield,1994-12-31,0.0291,decimal,2026-01-09,2026-10-02,https://pages.stern.nyu.edu/~adamodar/New_Home_Page/datafile/histimpl.html,"Uso libre según las reglas de uso de Damodaran ('no strings attached', https://pages.stern.nyu.edu/~adamodar/New_Home_Page/datahistory.html#rules); solo agregados por industria; se cita la fuente"
damodaran,US,sp500_level,1994-12-31,459.27,index,2026-01-09,2026-10-02,https://pages.stern.nyu.edu/~adamodar/New_Home_Page/datafile/histimpl.html,"Uso libre según las reglas de uso de Damodaran ('no strings attached', https://pages.stern.nyu.edu/~adamodar/New_Home_Page/datahistory.html#rules); solo agregados por industria; se cita la fuente"
damodaran,US,sp500_earnings,1994-12-31,31.75,index,2026-01-09,2026-10-02,https://pages.stern.nyu.edu/~adamodar/New_Home_Page/datafile/histimpl.html,"Uso libre según las reglas de uso de Damodaran ('no strings attached', https://pages.stern.nyu.edu/~adamodar/New_Home_Page/datahistory.html#rules); solo agregados por industria; se cita la fuente"
damodaran,US,sp500_dividends,1994-12-31,13.36,index,2026-01-09,2026-10-02,https://pages.stern.nyu.edu/~adamodar/New_Home_Page/datafile/histimpl.html,"Uso libre según las reglas de uso de Damodaran ('no strings attached', https://pages.stern.nyu.edu/~adamodar/New_Home_Page/datahistory.html#rules); solo agregados por industria; se cita la fuente"
damodaran,US,us_tbond_10y,1994-12-31,0.0782,decimal,2026-01-09,2026-10-02,https://pages.stern.nyu.edu/~adamodar/New_Home_Page/datafile/histimpl.html,"Uso libre según las reglas de uso de Damodaran ('no strings attached', https://pages.stern.nyu.edu/~adamodar/New_Home_Page/datahistory.html#rules); solo agregados por industria; se cita la fuente"
damodaran,US,smoothed_growth,1994-12-31,0.0723,decimal,2026-01-09,2026-10-02,https://pages.stern.nyu.edu/~adamodar/New_Home_Page/datafile/histimpl.html,"Uso libre según las reglas de uso de Damodaran ('no strings attached', https://pages.stern.nyu.edu/~adamodar/New_Home_Page/datahistory.html#rules); solo agregados por industria; se cita la fuente"
damodaran,US,implied_erp_fcfe,1994-12-31,0.0355,decimal,2026-01-09,2026-10-02,https://pages.stern.nyu.edu/~adamodar/New_Home_Page/datafile/histimpl.html,"Uso libre según las reglas de uso de Damodaran ('no strings attached', https://pages.stern.nyu.edu/~adamodar/New_Home_Page/datahistory.html#rules); solo agregados por industria; se cita la fuente"
damodaran,US,earnings_yield,1995-12-31,0.0574,decimal,2026-01-09,2026-10-02,https://pages.stern.nyu.edu/~adamodar/New_Home_Page/datafile/histimpl.html,"Uso libre según las reglas de uso de Damodaran ('no strings attached', https://pages.stern.nyu.edu/~adamodar/New_Home_Page/datahistory.html#rules); solo agregados por industria; se cita la fuente"
damodaran,US,dividend_yield,1995-12-31,0.023,decimal,2026-01-09,2026-10-02,https://pages.stern.nyu.edu/~adamodar/New_Home_Page/datafile/histimpl.html,"Uso libre según las reglas de uso de Damodaran ('no strings attached', https://pages.stern.nyu.edu/~adamodar/New_Home_Page/datahistory.html#rules); solo agregados por industria; se cita la fuente"
damodaran,US,sp500_level,1995-12-31,615.93,index,2026-01-09,2026-10-02,https://pages.stern.nyu.edu/~adamodar/New_Home_Page/datafile/histimpl.html,"Uso libre según las reglas de uso de Damodaran ('no strings attached', https://pages.stern.nyu.edu/~adamodar/New_Home_Page/datahistory.html#rules); solo agregados por industria; se cita la fuente"
damodaran,US,sp500_earnings,1995-12-31,37.7,index,2026-01-09,2026-10-02,https://pages.stern.nyu.edu/~adamodar/New_Home_Page/datafile/histimpl.html,"Uso libre según las reglas de uso de Damodaran ('no strings attached', https://pages.stern.nyu.edu/~adamodar/New_Home_Page/datahistory.html#rules); solo agregados por industria; se cita la fuente"
damodaran,US,sp500_dividends,1995-12-31,14.17,index,2026-01-09,2026-10-02,https://pages.stern.nyu.edu/~adamodar/New_Home_Page/datafile/histimpl.html,"Uso libre según las reglas de uso de Damodaran ('no strings attached', https://pages.stern.nyu.edu/~adamodar/New_Home_Page/datahistory.html#rules); solo agregados por industria; se cita la fuente"
damodaran,US,us_tbond_10y,1995-12-31,0.0557,decimal,2026-01-09,2026-10-02,https://pages.stern.nyu.edu/~adamodar/New_Home_Page/datafile/histimpl.html,"Uso libre según las reglas de uso de Damodaran ('no strings attached', https://pages.stern.nyu.edu/~adamodar/New_Home_Page/datahistory.html#rules); solo agregados por industria; se cita la fuente"
damodaran,US,smoothed_growth,1995-12-31,0.0565,decimal,2026-01-09,2026-10-02,https://pages.stern.nyu.edu/~adamodar/New_Home_Page/datafile/histimpl.html,"Uso libre según las reglas de uso de Damodaran ('no strings attached', https://pages.stern.nyu.edu/~adamodar/New_Home_Page/datahistory.html#rules); solo agregados por industria; se cita la fuente"
damodaran,US,implied_erp_fcfe,1995-12-31,0.0329,decimal,2026-01-09,2026-10-02,https://pages.stern.nyu.edu/~adamodar/New_Home_Page/datafile/histimpl.html,"Uso libre según las reglas de uso de Damodaran ('no strings attached', https://pages.stern.nyu.edu/~adamodar/New_Home_Page/datahistory.html#rules); solo agregados por industria; se cita la fuente"
damodaran,US,earnings_yield,1996-12-31,0.0483,decimal,2026-01-09,2026-10-02,https://pages.stern.nyu.edu/~adamodar/New_Home_Page/datafile/histimpl.html,"Uso libre según las reglas de uso de Damodaran ('no strings attached', https://pages.stern.nyu.edu/~adamodar/New_Home_Page/datahistory.html#rules); solo agregados por industria; se cita la fuente"
damodaran,US,dividend_yield,1996-12-31,0.0200999999999999,decimal,2026-01-09,2026-10-02,https://pages.stern.nyu.edu/~adamodar/New_Home_Page/datafile/histimpl.html,"Uso libre según las reglas de uso de Damodaran ('no strings attached', https://pages.stern.nyu.edu/~adamodar/New_Home_Page/datahistory.html#rules); solo agregados por industria; se cita la fuente"
damodaran,US,sp500_level,1996-12-31,740.74,index,2026-01-09,2026-10-02,https://pages.stern.nyu.edu/~adamodar/New_Home_Page/datafile/histimpl.html,"Uso libre según las reglas de uso de Damodaran ('no strings attached', https://pages.stern.nyu.edu/~adamodar/New_Home_Page/datahistory.html#rules); solo agregados por industria; se cita la fuente"
damodaran,US,sp500_earnings,1996-12-31,40.63,index,2026-01-09,2026-10-02,https://pages.stern.nyu.edu/~adamodar/New_Home_Page/datafile/histimpl.html,"Uso libre según las reglas de uso de Damodaran ('no strings attached', https://pages.stern.nyu.edu/~adamodar/New_Home_Page/datahistory.html#rules); solo agregados por industria; se cita la fuente"
damodaran,US,sp500_dividends,1996-12-31,14.89,index,2026-01-09,2026-10-02,https://pages.stern.nyu.edu/~adamodar/New_Home_Page/datafile/histimpl.html,"Uso libre según las reglas de uso de Damodaran ('no strings attached', https://pages.stern.nyu.edu/~adamodar/New_Home_Page/datahistory.html#rules); solo agregados por industria; se cita la fuente"
damodaran,US,us_tbond_10y,1996-12-31,0.0641,decimal,2026-01-09,2026-10-02,https://pages.stern.nyu.edu/~adamodar/New_Home_Page/datafile/histimpl.html,"Uso libre según las reglas de uso de Damodaran ('no strings attached', https://pages.stern.nyu.edu/~adamodar/New_Home_Page/datahistory.html#rules); solo agregados por industria; se cita la fuente"
damodaran,US,smoothed_growth,1996-12-31,0.0613,decimal,2026-01-09,2026-10-02,https://pages.stern.nyu.edu/~adamodar/New_Home_Page/datafile/histimpl.html,"Uso libre según las reglas de uso de Damodaran ('no strings attached', https://pages.stern.nyu.edu/~adamodar/New_Home_Page/datahistory.html#rules); solo agregados por industria; se cita la fuente"
damodaran,US,implied_erp_fcfe,1996-12-31,0.032,decimal,2026-01-09,2026-10-02,https://pages.stern.nyu.edu/~adamodar/New_Home_Page/datafile/histimpl.html,"Uso libre según las reglas de uso de Damodaran ('no strings attached', https://pages.stern.nyu.edu/~adamodar/New_Home_Page/datahistory.html#rules); solo agregados por industria; se cita la fuente"
damodaran,US,earnings_yield,1997-12-31,0.0408,decimal,2026-01-09,2026-10-02,https://pages.stern.nyu.edu/~adamodar/New_Home_Page/datafile/histimpl.html,"Uso libre según las reglas de uso de Damodaran ('no strings attached', https://pages.stern.nyu.edu/~adamodar/New_Home_Page/datahistory.html#rules); solo agregados por industria; se cita la fuente"
damodaran,US,dividend_yield,1997-12-31,0.016,decimal,2026-01-09,2026-10-02,https://pages.stern.nyu.edu/~adamodar/New_Home_Page/datafile/histimpl.html,"Uso libre según las reglas de uso de Damodaran ('no strings attached', https://pages.stern.nyu.edu/~adamodar/New_Home_Page/datahistory.html#rules); solo agregados por industria; se cita la fuente"
damodaran,US,sp500_level,1997-12-31,970.43,index,2026-01-09,2026-10-02,https://pages.stern.nyu.edu/~adamodar/New_Home_Page/datafile/histimpl.html,"Uso libre según las reglas de uso de Damodaran ('no strings attached', https://pages.stern.nyu.edu/~adamodar/New_Home_Page/datahistory.html#rules); solo agregados por industria; se cita la fuente"
damodaran,US,sp500_earnings,1997-12-31,44.09,index,2026-01-09,2026-10-02,https://pages.stern.nyu.edu/~adamodar/New_Home_Page/datafile/histimpl.html,"Uso libre según las reglas de uso de Damodaran ('no strings attached', https://pages.stern.nyu.edu/~adamodar/New_Home_Page/datahistory.html#rules); solo agregados por industria; se cita la fuente"
damodaran,US,sp500_dividends,1997-12-31,15.52,index,2026-01-09,2026-10-02,https://pages.stern.nyu.edu/~adamodar/New_Home_Page/datafile/histimpl.html,"Uso libre según las reglas de uso de Damodaran ('no strings attached', https://pages.stern.nyu.edu/~adamodar/New_Home_Page/datahistory.html#rules); solo agregados por industria; se cita la fuente"
damodaran,US,us_tbond_10y,1997-12-31,0.0574,decimal,2026-01-09,2026-10-02,https://pages.stern.nyu.edu/~adamodar/New_Home_Page/datafile/histimpl.html,"Uso libre según las reglas de uso de Damodaran ('no strings attached', https://pages.stern.nyu.edu/~adamodar/New_Home_Page/datahistory.html#rules); solo agregados por industria; se cita la fuente"
damodaran,US,smoothed_growth,1997-12-31,0.0545,decimal,2026-01-09,2026-10-02,https://pages.stern.nyu.edu/~adamodar/New_Home_Page/datafile/histimpl.html,"Uso libre según las reglas de uso de Damodaran ('no strings attached', https://pages.stern.nyu.edu/~adamodar/New_Home_Page/datahistory.html#rules); solo agregados por industria; se cita la fuente"
damodaran,US,implied_erp_fcfe,1997-12-31,0.0273,decimal,2026-01-09,2026-10-02,https://pages.stern.nyu.edu/~adamodar/New_Home_Page/datafile/histimpl.html,"Uso libre según las reglas de uso de Damodaran ('no strings attached', https://pages.stern.nyu.edu/~adamodar/New_Home_Page/datahistory.html#rules); solo agregados por industria; se cita la fuente"
damodaran,US,earnings_yield,1998-12-31,0.0311,decimal,2026-01-09,2026-10-02,https://pages.stern.nyu.edu/~adamodar/New_Home_Page/datafile/histimpl.html,"Uso libre según las reglas de uso de Damodaran ('no strings attached', https://pages.stern.nyu.edu/~adamodar/New_Home_Page/datahistory.html#rules); solo agregados por industria; se cita la fuente"
damodaran,US,dividend_yield,1998-12-31,0.0132,decimal,2026-01-09,2026-10-02,https://pages.stern.nyu.edu/~adamodar/New_Home_Page/datafile/histimpl.html,"Uso libre según las reglas de uso de Damodaran ('no strings attached', https://pages.stern.nyu.edu/~adamodar/New_Home_Page/datahistory.html#rules); solo agregados por industria; se cita la fuente"
damodaran,US,sp500_level,1998-12-31,1229.23,index,2026-01-09,2026-10-02,https://pages.stern.nyu.edu/~adamodar/New_Home_Page/datafile/histimpl.html,"Uso libre según las reglas de uso de Damodaran ('no strings attached', https://pages.stern.nyu.edu/~adamodar/New_Home_Page/datahistory.html#rules); solo agregados por industria; se cita la fuente"
damodaran,US,sp500_earnings,1998-12-31,44.27,index,2026-01-09,2026-10-02,https://pages.stern.nyu.edu/~adamodar/New_Home_Page/datafile/histimpl.html,"Uso libre según las reglas de uso de Damodaran ('no strings attached', https://pages.stern.nyu.edu/~adamodar/New_Home_Page/datahistory.html#rules); solo agregados por industria; se cita la fuente"
damodaran,US,sp500_dividends,1998-12-31,16.2,index,2026-01-09,2026-10-02,https://pages.stern.nyu.edu/~adamodar/New_Home_Page/datafile/histimpl.html,"Uso libre según las reglas de uso de Damodaran ('no strings attached', https://pages.stern.nyu.edu/~adamodar/New_Home_Page/datahistory.html#rules); solo agregados por industria; se cita la fuente"
damodaran,US,us_tbond_10y,1998-12-31,0.0465,decimal,2026-01-09,2026-10-02,https://pages.stern.nyu.edu/~adamodar/New_Home_Page/datafile/histimpl.html,"Uso libre según las reglas de uso de Damodaran ('no strings attached', https://pages.stern.nyu.edu/~adamodar/New_Home_Page/datahistory.html#rules); solo agregados por industria; se cita la fuente"
damodaran,US,smoothed_growth,1998-12-31,0.046,decimal,2026-01-09,2026-10-02,https://pages.stern.nyu.edu/~adamodar/New_Home_Page/datafile/histimpl.html,"Uso libre según las reglas de uso de Damodaran ('no strings attached', https://pages.stern.nyu.edu/~adamodar/New_Home_Page/datahistory.html#rules); solo agregados por industria; se cita la fuente"
damodaran,US,implied_erp_fcfe,1998-12-31,0.0226,decimal,2026-01-09,2026-10-02,https://pages.stern.nyu.edu/~adamodar/New_Home_Page/datafile/histimpl.html,"Uso libre según las reglas de uso de Damodaran ('no strings attached', https://pages.stern.nyu.edu/~adamodar/New_Home_Page/datahistory.html#rules); solo agregados por industria; se cita la fuente"
damodaran,US,earnings_yield,1999-12-31,0.0306999999999999,decimal,2026-01-09,2026-10-02,https://pages.stern.nyu.edu/~adamodar/New_Home_Page/datafile/histimpl.html,"Uso libre según las reglas de uso de Damodaran ('no strings attached', https://pages.stern.nyu.edu/~adamodar/New_Home_Page/datahistory.html#rules); solo agregados por industria; se cita la fuente"
damodaran,US,dividend_yield,1999-12-31,0.0113999999999999,decimal,2026-01-09,2026-10-02,https://pages.stern.nyu.edu/~adamodar/New_Home_Page/datafile/histimpl.html,"Uso libre según las reglas de uso de Damodaran ('no strings attached', https://pages.stern.nyu.edu/~adamodar/New_Home_Page/datahistory.html#rules); solo agregados por industria; se cita la fuente"
damodaran,US,sp500_level,1999-12-31,1469.25,index,2026-01-09,2026-10-02,https://pages.stern.nyu.edu/~adamodar/New_Home_Page/datafile/histimpl.html,"Uso libre según las reglas de uso de Damodaran ('no strings attached', https://pages.stern.nyu.edu/~adamodar/New_Home_Page/datahistory.html#rules); solo agregados por industria; se cita la fuente"
damodaran,US,sp500_earnings,1999-12-31,51.68,index,2026-01-09,2026-10-02,https://pages.stern.nyu.edu/~adamodar/New_Home_Page/datafile/histimpl.html,"Uso libre según las reglas de uso de Damodaran ('no strings attached', https://pages.stern.nyu.edu/~adamodar/New_Home_Page/datahistory.html#rules); solo agregados por industria; se cita la fuente"
damodaran,US,sp500_dividends,1999-12-31,16.71,index,2026-01-09,2026-10-02,https://pages.stern.nyu.edu/~adamodar/New_Home_Page/datafile/histimpl.html,"Uso libre según las reglas de uso de Damodaran ('no strings attached', https://pages.stern.nyu.edu/~adamodar/New_Home_Page/datahistory.html#rules); solo agregados por industria; se cita la fuente"
damodaran,US,us_tbond_10y,1999-12-31,0.0644,decimal,2026-01-09,2026-10-02,https://pages.stern.nyu.edu/~adamodar/New_Home_Page/datafile/histimpl.html,"Uso libre según las reglas de uso de Damodaran ('no strings attached', https://pages.stern.nyu.edu/~adamodar/New_Home_Page/datahistory.html#rules); solo agregados por industria; se cita la fuente"
damodaran,US,smoothed_growth,1999-12-31,0.0575,decimal,2026-01-09,2026-10-02,https://pages.stern.nyu.edu/~adamodar/New_Home_Page/datafile/histimpl.html,"Uso libre según las reglas de uso de Damodaran ('no strings attached', https://pages.stern.nyu.edu/~adamodar/New_Home_Page/datahistory.html#rules); solo agregados por industria; se cita la fuente"
damodaran,US,implied_erp_fcfe,1999-12-31,0.0204999999999999,decimal,2026-01-09,2026-10-02,https://pages.stern.nyu.edu/~adamodar/New_Home_Page/datafile/histimpl.html,"Uso libre según las reglas de uso de Damodaran ('no strings attached', https://pages.stern.nyu.edu/~adamodar/New_Home_Page/datahistory.html#rules); solo agregados por industria; se cita la fuente"
damodaran,US,earnings_yield,2000-12-31,0.0394,decimal,2026-01-09,2026-10-02,https://pages.stern.nyu.edu/~adamodar/New_Home_Page/datafile/histimpl.html,"Uso libre según las reglas de uso de Damodaran ('no strings attached', https://pages.stern.nyu.edu/~adamodar/New_Home_Page/datahistory.html#rules); solo agregados por industria; se cita la fuente"
damodaran,US,dividend_yield,2000-12-31,0.0123,decimal,2026-01-09,2026-10-02,https://pages.stern.nyu.edu/~adamodar/New_Home_Page/datafile/histimpl.html,"Uso libre según las reglas de uso de Damodaran ('no strings attached', https://pages.stern.nyu.edu/~adamodar/New_Home_Page/datahistory.html#rules); solo agregados por industria; se cita la fuente"
damodaran,US,sp500_level,2000-12-31,1320.28,index,2026-01-09,2026-10-02,https://pages.stern.nyu.edu/~adamodar/New_Home_Page/datafile/histimpl.html,"Uso libre según las reglas de uso de Damodaran ('no strings attached', https://pages.stern.nyu.edu/~adamodar/New_Home_Page/datahistory.html#rules); solo agregados por industria; se cita la fuente"
damodaran,US,sp500_earnings,2000-12-31,56.13,index,2026-01-09,2026-10-02,https://pages.stern.nyu.edu/~adamodar/New_Home_Page/datafile/histimpl.html,"Uso libre según las reglas de uso de Damodaran ('no strings attached', https://pages.stern.nyu.edu/~adamodar/New_Home_Page/datahistory.html#rules); solo agregados por industria; se cita la fuente"
damodaran,US,sp500_dividends,2000-12-31,16.27,index,2026-01-09,2026-10-02,https://pages.stern.nyu.edu/~adamodar/New_Home_Page/datafile/histimpl.html,"Uso libre según las reglas de uso de Damodaran ('no strings attached', https://pages.stern.nyu.edu/~adamodar/New_Home_Page/datahistory.html#rules); solo agregados por industria; se cita la fuente"
damodaran,US,us_tbond_10y,2000-12-31,0.0511,decimal,2026-01-09,2026-10-02,https://pages.stern.nyu.edu/~adamodar/New_Home_Page/datafile/histimpl.html,"Uso libre según las reglas de uso de Damodaran ('no strings attached', https://pages.stern.nyu.edu/~adamodar/New_Home_Page/datahistory.html#rules); solo agregados por industria; se cita la fuente"
damodaran,US,smoothed_growth,2000-12-31,0.0371,decimal,2026-01-09,2026-10-02,https://pages.stern.nyu.edu/~adamodar/New_Home_Page/datafile/histimpl.html,"Uso libre según las reglas de uso de Damodaran ('no strings attached', https://pages.stern.nyu.edu/~adamodar/New_Home_Page/datahistory.html#rules); solo agregados por industria; se cita la fuente"
damodaran,US,implied_erp_fcfe,2000-12-31,0.0287,decimal,2026-01-09,2026-10-02,https://pages.stern.nyu.edu/~adamodar/New_Home_Page/datafile/histimpl.html,"Uso libre según las reglas de uso de Damodaran ('no strings attached', https://pages.stern.nyu.edu/~adamodar/New_Home_Page/datahistory.html#rules); solo agregados por industria; se cita la fuente"
damodaran,US,earnings_yield,2001-12-31,0.0385,decimal,2026-01-09,2026-10-02,https://pages.stern.nyu.edu/~adamodar/New_Home_Page/datafile/histimpl.html,"Uso libre según las reglas de uso de Damodaran ('no strings attached', https://pages.stern.nyu.edu/~adamodar/New_Home_Page/datahistory.html#rules); solo agregados por industria; se cita la fuente"
damodaran,US,dividend_yield,2001-12-31,0.0137,decimal,2026-01-09,2026-10-02,https://pages.stern.nyu.edu/~adamodar/New_Home_Page/datafile/histimpl.html,"Uso libre según las reglas de uso de Damodaran ('no strings attached', https://pages.stern.nyu.edu/~adamodar/New_Home_Page/datahistory.html#rules); solo agregados por industria; se cita la fuente"
damodaran,US,sp500_level,2001-12-31,1148.09,index,2026-01-09,2026-10-02,https://pages.stern.nyu.edu/~adamodar/New_Home_Page/datafile/histimpl.html,"Uso libre según las reglas de uso de Damodaran ('no strings attached', https://pages.stern.nyu.edu/~adamodar/New_Home_Page/datahistory.html#rules); solo agregados por industria; se cita la fuente"
damodaran,US,sp500_earnings,2001-12-31,38.85,index,2026-01-09,2026-10-02,https://pages.stern.nyu.edu/~adamodar/New_Home_Page/datafile/histimpl.html,"Uso libre según las reglas de uso de Damodaran ('no strings attached', https://pages.stern.nyu.edu/~adamodar/New_Home_Page/datahistory.html#rules); solo agregados por industria; se cita la fuente"
damodaran,US,sp500_dividends,2001-12-31,15.74,index,2026-01-09,2026-10-02,https://pages.stern.nyu.edu/~adamodar/New_Home_Page/datafile/histimpl.html,"Uso libre según las reglas de uso de Damodaran ('no strings attached', https://pages.stern.nyu.edu/~adamodar/New_Home_Page/datahistory.html#rules); solo agregados por industria; se cita la fuente"
damodaran,US,us_tbond_10y,2001-12-31,0.0504999999999999,decimal,2026-01-09,2026-10-02,https://pages.stern.nyu.edu/~adamodar/New_Home_Page/datafile/histimpl.html,"Uso libre según las reglas de uso de Damodaran ('no strings attached', https://pages.stern.nyu.edu/~adamodar/New_Home_Page/datahistory.html#rules); solo agregados por industria; se cita la fuente"
damodaran,US,smoothed_growth,2001-12-31,0.0356,decimal,2026-01-09,2026-10-02,https://pages.stern.nyu.edu/~adamodar/New_Home_Page/datafile/histimpl.html,"Uso libre según las reglas de uso de Damodaran ('no strings attached', https://pages.stern.nyu.edu/~adamodar/New_Home_Page/datahistory.html#rules); solo agregados por industria; se cita la fuente"
damodaran,US,implied_erp_fcfe,2001-12-31,0.0362,decimal,2026-01-09,2026-10-02,https://pages.stern.nyu.edu/~adamodar/New_Home_Page/datafile/histimpl.html,"Uso libre según las reglas de uso de Damodaran ('no strings attached', https://pages.stern.nyu.edu/~adamodar/New_Home_Page/datahistory.html#rules); solo agregados por industria; se cita la fuente"
damodaran,US,earnings_yield,2002-12-31,0.0523,decimal,2026-01-09,2026-10-02,https://pages.stern.nyu.edu/~adamodar/New_Home_Page/datafile/histimpl.html,"Uso libre según las reglas de uso de Damodaran ('no strings attached', https://pages.stern.nyu.edu/~adamodar/New_Home_Page/datahistory.html#rules); solo agregados por industria; se cita la fuente"
damodaran,US,dividend_yield,2002-12-31,0.0183,decimal,2026-01-09,2026-10-02,https://pages.stern.nyu.edu/~adamodar/New_Home_Page/datafile/histimpl.html,"Uso libre según las reglas de uso de Damodaran ('no strings attached', https://pages.stern.nyu.edu/~adamodar/New_Home_Page/datahistory.html#rules); solo agregados por industria; se cita la fuente"
damodaran,US,sp500_level,2002-12-31,879.82,index,2026-01-09,2026-10-02,https://pages.stern.nyu.edu/~adamodar/New_Home_Page/datafile/histimpl.html,"Uso libre según las reglas de uso de Damodaran ('no strings attached', https://pages.stern.nyu.edu/~adamodar/New_Home_Page/datahistory.html#rules); solo agregados por industria; se cita la fuente"
damodaran,US,sp500_earnings,2002-12-31,46.04,index,2026-01-09,2026-10-02,https://pages.stern.nyu.edu/~adamodar/New_Home_Page/datafile/histimpl.html,"Uso libre según las reglas de uso de Damodaran ('no strings attached', https://pages.stern.nyu.edu/~adamodar/New_Home_Page/datahistory.html#rules); solo agregados por industria; se cita la fuente"
damodaran,US,sp500_dividends,2002-12-31,16.08,index,2026-01-09,2026-10-02,https://pages.stern.nyu.edu/~adamodar/New_Home_Page/datafile/histimpl.html,"Uso libre según las reglas de uso de Damodaran ('no strings attached', https://pages.stern.nyu.edu/~adamodar/New_Home_Page/datahistory.html#rules); solo agregados por industria; se cita la fuente"
damodaran,US,us_tbond_10y,2002-12-31,0.0381,decimal,2026-01-09,2026-10-02,https://pages.stern.nyu.edu/~adamodar/New_Home_Page/datafile/histimpl.html,"Uso libre según las reglas de uso de Damodaran ('no strings attached', https://pages.stern.nyu.edu/~adamodar/New_Home_Page/datahistory.html#rules); solo agregados por industria; se cita la fuente"
damodaran,US,smoothed_growth,2002-12-31,0.0356999999999999,decimal,2026-01-09,2026-10-02,https://pages.stern.nyu.edu/~adamodar/New_Home_Page/datafile/histimpl.html,"Uso libre según las reglas de uso de Damodaran ('no strings attached', https://pages.stern.nyu.edu/~adamodar/New_Home_Page/datahistory.html#rules); solo agregados por industria; se cita la fuente"
damodaran,US,implied_erp_fcfe,2002-12-31,0.0409999999999999,decimal,2026-01-09,2026-10-02,https://pages.stern.nyu.edu/~adamodar/New_Home_Page/datafile/histimpl.html,"Uso libre según las reglas de uso de Damodaran ('no strings attached', https://pages.stern.nyu.edu/~adamodar/New_Home_Page/datahistory.html#rules); solo agregados por industria; se cita la fuente"
damodaran,US,earnings_yield,2003-12-31,0.0487,decimal,2026-01-09,2026-10-02,https://pages.stern.nyu.edu/~adamodar/New_Home_Page/datafile/histimpl.html,"Uso libre según las reglas de uso de Damodaran ('no strings attached', https://pages.stern.nyu.edu/~adamodar/New_Home_Page/datahistory.html#rules); solo agregados por industria; se cita la fuente"
damodaran,US,dividend_yield,2003-12-31,0.0161,decimal,2026-01-09,2026-10-02,https://pages.stern.nyu.edu/~adamodar/New_Home_Page/datafile/histimpl.html,"Uso libre según las reglas de uso de Damodaran ('no strings attached', https://pages.stern.nyu.edu/~adamodar/New_Home_Page/datahistory.html#rules); solo agregados por industria; se cita la fuente"
damodaran,US,sp500_level,2003-12-31,1111.91,index,2026-01-09,2026-10-02,https://pages.stern.nyu.edu/~adamodar/New_Home_Page/datafile/histimpl.html,"Uso libre según las reglas de uso de Damodaran ('no strings attached', https://pages.stern.nyu.edu/~adamodar/New_Home_Page/datahistory.html#rules); solo agregados por industria; se cita la fuente"
damodaran,US,sp500_earnings,2003-12-31,54.69,index,2026-01-09,2026-10-02,https://pages.stern.nyu.edu/~adamodar/New_Home_Page/datafile/histimpl.html,"Uso libre según las reglas de uso de Damodaran ('no strings attached', https://pages.stern.nyu.edu/~adamodar/New_Home_Page/datahistory.html#rules); solo agregados por industria; se cita la fuente"
damodaran,US,sp500_dividends,2003-12-31,17.88,index,2026-01-09,2026-10-02,https://pages.stern.nyu.edu/~adamodar/New_Home_Page/datafile/histimpl.html,"Uso libre según las reglas de uso de Damodaran ('no strings attached', https://pages.stern.nyu.edu/~adamodar/New_Home_Page/datahistory.html#rules); solo agregados por industria; se cita la fuente"
damodaran,US,us_tbond_10y,2003-12-31,0.0425,decimal,2026-01-09,2026-10-02,https://pages.stern.nyu.edu/~adamodar/New_Home_Page/datafile/histimpl.html,"Uso libre según las reglas de uso de Damodaran ('no strings attached', https://pages.stern.nyu.edu/~adamodar/New_Home_Page/datahistory.html#rules); solo agregados por industria; se cita la fuente"
damodaran,US,smoothed_growth,2003-12-31,0.0535,decimal,2026-01-09,2026-10-02,https://pages.stern.nyu.edu/~adamodar/New_Home_Page/datafile/histimpl.html,"Uso libre según las reglas de uso de Damodaran ('no strings attached', https://pages.stern.nyu.edu/~adamodar/New_Home_Page/datahistory.html#rules); solo agregados por industria; se cita la fuente"
damodaran,US,implied_erp_fcfe,2003-12-31,0.0369,decimal,2026-01-09,2026-10-02,https://pages.stern.nyu.edu/~adamodar/New_Home_Page/datafile/histimpl.html,"Uso libre según las reglas de uso de Damodaran ('no strings attached', https://pages.stern.nyu.edu/~adamodar/New_Home_Page/datahistory.html#rules); solo agregados por industria; se cita la fuente"
damodaran,US,earnings_yield,2004-12-31,0.0558,decimal,2026-01-09,2026-10-02,https://pages.stern.nyu.edu/~adamodar/New_Home_Page/datafile/histimpl.html,"Uso libre según las reglas de uso de Damodaran ('no strings attached', https://pages.stern.nyu.edu/~adamodar/New_Home_Page/datahistory.html#rules); solo agregados por industria; se cita la fuente"
damodaran,US,dividend_yield,2004-12-31,0.016,decimal,2026-01-09,2026-10-02,https://pages.stern.nyu.edu/~adamodar/New_Home_Page/datafile/histimpl.html,"Uso libre según las reglas de uso de Damodaran ('no strings attached', https://pages.stern.nyu.edu/~adamodar/New_Home_Page/datahistory.html#rules); solo agregados por industria; se cita la fuente"
damodaran,US,sp500_level,2004-12-31,1211.92,index,2026-01-09,2026-10-02,https://pages.stern.nyu.edu/~adamodar/New_Home_Page/datafile/histimpl.html,"Uso libre según las reglas de uso de Damodaran ('no strings attached', https://pages.stern.nyu.edu/~adamodar/New_Home_Page/datahistory.html#rules); solo agregados por industria; se cita la fuente"
damodaran,US,sp500_earnings,2004-12-31,67.68,index,2026-01-09,2026-10-02,https://pages.stern.nyu.edu/~adamodar/New_Home_Page/datafile/histimpl.html,"Uso libre según las reglas de uso de Damodaran ('no strings attached', https://pages.stern.nyu.edu/~adamodar/New_Home_Page/datahistory.html#rules); solo agregados por industria; se cita la fuente"
damodaran,US,sp500_dividends,2004-12-31,19.407,index,2026-01-09,2026-10-02,https://pages.stern.nyu.edu/~adamodar/New_Home_Page/datafile/histimpl.html,"Uso libre según las reglas de uso de Damodaran ('no strings attached', https://pages.stern.nyu.edu/~adamodar/New_Home_Page/datahistory.html#rules); solo agregados por industria; se cita la fuente"
damodaran,US,us_tbond_10y,2004-12-31,0.0421999999999999,decimal,2026-01-09,2026-10-02,https://pages.stern.nyu.edu/~adamodar/New_Home_Page/datafile/histimpl.html,"Uso libre según las reglas de uso de Damodaran ('no strings attached', https://pages.stern.nyu.edu/~adamodar/New_Home_Page/datahistory.html#rules); solo agregados por industria; se cita la fuente"
damodaran,US,smoothed_growth,2004-12-31,0.049,decimal,2026-01-09,2026-10-02,https://pages.stern.nyu.edu/~adamodar/New_Home_Page/datafile/histimpl.html,"Uso libre según las reglas de uso de Damodaran ('no strings attached', https://pages.stern.nyu.edu/~adamodar/New_Home_Page/datahistory.html#rules); solo agregados por industria; se cita la fuente"
damodaran,US,implied_erp_fcfe,2004-12-31,0.0365,decimal,2026-01-09,2026-10-02,https://pages.stern.nyu.edu/~adamodar/New_Home_Page/datafile/histimpl.html,"Uso libre según las reglas de uso de Damodaran ('no strings attached', https://pages.stern.nyu.edu/~adamodar/New_Home_Page/datahistory.html#rules); solo agregados por industria; se cita la fuente"
damodaran,US,earnings_yield,2005-12-31,0.0547,decimal,2026-01-09,2026-10-02,https://pages.stern.nyu.edu/~adamodar/New_Home_Page/datafile/histimpl.html,"Uso libre según las reglas de uso de Damodaran ('no strings attached', https://pages.stern.nyu.edu/~adamodar/New_Home_Page/datahistory.html#rules); solo agregados por industria; se cita la fuente"
damodaran,US,dividend_yield,2005-12-31,0.0179,decimal,2026-01-09,2026-10-02,https://pages.stern.nyu.edu/~adamodar/New_Home_Page/datafile/histimpl.html,"Uso libre según las reglas de uso de Damodaran ('no strings attached', https://pages.stern.nyu.edu/~adamodar/New_Home_Page/datahistory.html#rules); solo agregados por industria; se cita la fuente"
damodaran,US,sp500_level,2005-12-31,1248.29,index,2026-01-09,2026-10-02,https://pages.stern.nyu.edu/~adamodar/New_Home_Page/datafile/histimpl.html,"Uso libre según las reglas de uso de Damodaran ('no strings attached', https://pages.stern.nyu.edu/~adamodar/New_Home_Page/datahistory.html#rules); solo agregados por industria; se cita la fuente"
damodaran,US,sp500_earnings,2005-12-31,76.45,index,2026-01-09,2026-10-02,https://pages.stern.nyu.edu/~adamodar/New_Home_Page/datafile/histimpl.html,"Uso libre según las reglas de uso de Damodaran ('no strings attached', https://pages.stern.nyu.edu/~adamodar/New_Home_Page/datahistory.html#rules); solo agregados por industria; se cita la fuente"
damodaran,US,sp500_dividends,2005-12-31,22.38,index,2026-01-09,2026-10-02,https://pages.stern.nyu.edu/~adamodar/New_Home_Page/datafile/histimpl.html,"Uso libre según las reglas de uso de Damodaran ('no strings attached', https://pages.stern.nyu.edu/~adamodar/New_Home_Page/datahistory.html#rules); solo agregados por industria; se cita la fuente"
damodaran,US,us_tbond_10y,2005-12-31,0.0438999999999999,decimal,2026-01-09,2026-10-02,https://pages.stern.nyu.edu/~adamodar/New_Home_Page/datafile/histimpl.html,"Uso libre según las reglas de uso de Damodaran ('no strings attached', https://pages.stern.nyu.edu/~adamodar/New_Home_Page/datahistory.html#rules); solo agregados por industria; se cita la fuente"
damodaran,US,smoothed_growth,2005-12-31,0.0616,decimal,2026-01-09,2026-10-02,https://pages.stern.nyu.edu/~adamodar/New_Home_Page/datafile/histimpl.html,"Uso libre según las reglas de uso de Damodaran ('no strings attached', https://pages.stern.nyu.edu/~adamodar/New_Home_Page/datahistory.html#rules); solo agregados por industria; se cita la fuente"
damodaran,US,implied_erp_fcfe,2005-12-31,0.0408,decimal,2026-01-09,2026-10-02,https://pages.stern.nyu.edu/~adamodar/New_Home_Page/datafile/histimpl.html,"Uso libre según las reglas de uso de Damodaran ('no strings attached', https://pages.stern.nyu.edu/~adamodar/New_Home_Page/datahistory.html#rules); solo agregados por industria; se cita la fuente"
damodaran,US,earnings_yield,2006-12-31,0.0617999999999999,decimal,2026-01-09,2026-10-02,https://pages.stern.nyu.edu/~adamodar/New_Home_Page/datafile/histimpl.html,"Uso libre según las reglas de uso de Damodaran ('no strings attached', https://pages.stern.nyu.edu/~adamodar/New_Home_Page/datahistory.html#rules); solo agregados por industria; se cita la fuente"
damodaran,US,dividend_yield,2006-12-31,0.0177,decimal,2026-01-09,2026-10-02,https://pages.stern.nyu.edu/~adamodar/New_Home_Page/datafile/histimpl.html,"Uso libre según las reglas de uso de Damodaran ('no strings attached', https://pages.stern.nyu.edu/~adamodar/New_Home_Page/datahistory.html#rules); solo agregados por industria; se cita la fuente"
damodaran,US,sp500_level,2006-12-31,1418.3,index,2026-01-09,2026-10-02,https://pages.stern.nyu.edu/~adamodar/New_Home_Page/datafile/histimpl.html,"Uso libre según las reglas de uso de Damodaran ('no strings attached', https://pages.stern.nyu.edu/~adamodar/New_Home_Page/datahistory.html#rules); solo agregados por industria; se cita la fuente"
damodaran,US,sp500_earnings,2006-12-31,87.72,index,2026-01-09,2026-10-02,https://pages.stern.nyu.edu/~adamodar/New_Home_Page/datafile/histimpl.html,"Uso libre según las reglas de uso de Damodaran ('no strings attached', https://pages.stern.nyu.edu/~adamodar/New_Home_Page/datahistory.html#rules); solo agregados por industria; se cita la fuente"
damodaran,US,sp500_dividends,2006-12-31,25.05,index,2026-01-09,2026-10-02,https://pages.stern.nyu.edu/~adamodar/New_Home_Page/datafile/histimpl.html,"Uso libre según las reglas de uso de Damodaran ('no strings attached', https://pages.stern.nyu.edu/~adamodar/New_Home_Page/datahistory.html#rules); solo agregados por industria; se cita la fuente"
damodaran,US,us_tbond_10y,2006-12-31,0.047,decimal,2026-01-09,2026-10-02,https://pages.stern.nyu.edu/~adamodar/New_Home_Page/datafile/histimpl.html,"Uso libre según las reglas de uso de Damodaran ('no strings attached', https://pages.stern.nyu.edu/~adamodar/New_Home_Page/datahistory.html#rules); solo agregados por industria; se cita la fuente"
damodaran,US,smoothed_growth,2006-12-31,0.0593,decimal,2026-01-09,2026-10-02,https://pages.stern.nyu.edu/~adamodar/New_Home_Page/datafile/histimpl.html,"Uso libre según las reglas de uso de Damodaran ('no strings attached', https://pages.stern.nyu.edu/~adamodar/New_Home_Page/datahistory.html#rules); solo agregados por industria; se cita la fuente"
damodaran,US,implied_erp_fcfe,2006-12-31,0.0416,decimal,2026-01-09,2026-10-02,https://pages.stern.nyu.edu/~adamodar/New_Home_Page/datafile/histimpl.html,"Uso libre según las reglas de uso de Damodaran ('no strings attached', https://pages.stern.nyu.edu/~adamodar/New_Home_Page/datahistory.html#rules); solo agregados por industria; se cita la fuente"
damodaran,US,earnings_yield,2007-12-31,0.0562,decimal,2026-01-09,2026-10-02,https://pages.stern.nyu.edu/~adamodar/New_Home_Page/datafile/histimpl.html,"Uso libre según las reglas de uso de Damodaran ('no strings attached', https://pages.stern.nyu.edu/~adamodar/New_Home_Page/datahistory.html#rules); solo agregados por industria; se cita la fuente"
damodaran,US,dividend_yield,2007-12-31,0.0189,decimal,2026-01-09,2026-10-02,https://pages.stern.nyu.edu/~adamodar/New_Home_Page/datafile/histimpl.html,"Uso libre según las reglas de uso de Damodaran ('no strings attached', https://pages.stern.nyu.edu/~adamodar/New_Home_Page/datahistory.html#rules); solo agregados por industria; se cita la fuente"
damodaran,US,sp500_level,2007-12-31,1468.36,index,2026-01-09,2026-10-02,https://pages.stern.nyu.edu/~adamodar/New_Home_Page/datafile/histimpl.html,"Uso libre según las reglas de uso de Damodaran ('no strings attached', https://pages.stern.nyu.edu/~adamodar/New_Home_Page/datahistory.html#rules); solo agregados por industria; se cita la fuente"
damodaran,US,sp500_earnings,2007-12-31,82.54,index,2026-01-09,2026-10-02,https://pages.stern.nyu.edu/~adamodar/New_Home_Page/datafile/histimpl.html,"Uso libre según las reglas de uso de Damodaran ('no strings attached', https://pages.stern.nyu.edu/~adamodar/New_Home_Page/datahistory.html#rules); solo agregados por industria; se cita la fuente"
damodaran,US,sp500_dividends,2007-12-31,27.73,index,2026-01-09,2026-10-02,https://pages.stern.nyu.edu/~adamodar/New_Home_Page/datafile/histimpl.html,"Uso libre según las reglas de uso de Damodaran ('no strings attached', https://pages.stern.nyu.edu/~adamodar/New_Home_Page/datahistory.html#rules); solo agregados por industria; se cita la fuente"
damodaran,US,us_tbond_10y,2007-12-31,0.0401999999999999,decimal,2026-01-09,2026-10-02,https://pages.stern.nyu.edu/~adamodar/New_Home_Page/datafile/histimpl.html,"Uso libre según las reglas de uso de Damodaran ('no strings attached', https://pages.stern.nyu.edu/~adamodar/New_Home_Page/datahistory.html#rules); solo agregados por industria; se cita la fuente"
damodaran,US,smoothed_growth,2007-12-31,0.0503,decimal,2026-01-09,2026-10-02,https://pages.stern.nyu.edu/~adamodar/New_Home_Page/datafile/histimpl.html,"Uso libre según las reglas de uso de Damodaran ('no strings attached', https://pages.stern.nyu.edu/~adamodar/New_Home_Page/datahistory.html#rules); solo agregados por industria; se cita la fuente"
damodaran,US,implied_erp_fcfe,2007-12-31,0.0437,decimal,2026-01-09,2026-10-02,https://pages.stern.nyu.edu/~adamodar/New_Home_Page/datafile/histimpl.html,"Uso libre según las reglas de uso de Damodaran ('no strings attached', https://pages.stern.nyu.edu/~adamodar/New_Home_Page/datahistory.html#rules); solo agregados por industria; se cita la fuente"
damodaran,US,earnings_yield,2008-12-31,0.0724,decimal,2026-01-09,2026-10-02,https://pages.stern.nyu.edu/~adamodar/New_Home_Page/datafile/histimpl.html,"Uso libre según las reglas de uso de Damodaran ('no strings attached', https://pages.stern.nyu.edu/~adamodar/New_Home_Page/datahistory.html#rules); solo agregados por industria; se cita la fuente"
damodaran,US,dividend_yield,2008-12-31,0.0311,decimal,2026-01-09,2026-10-02,https://pages.stern.nyu.edu/~adamodar/New_Home_Page/datafile/histimpl.html,"Uso libre según las reglas de uso de Damodaran ('no strings attached', https://pages.stern.nyu.edu/~adamodar/New_Home_Page/datahistory.html#rules); solo agregados por industria; se cita la fuente"
damodaran,US,sp500_level,2008-12-31,903.25,index,2026-01-09,2026-10-02,https://pages.stern.nyu.edu/~adamodar/New_Home_Page/datafile/histimpl.html,"Uso libre según las reglas de uso de Damodaran ('no strings attached', https://pages.stern.nyu.edu/~adamodar/New_Home_Page/datahistory.html#rules); solo agregados por industria; se cita la fuente"
damodaran,US,sp500_earnings,2008-12-31,65.39,index,2026-01-09,2026-10-02,https://pages.stern.nyu.edu/~adamodar/New_Home_Page/datafile/histimpl.html,"Uso libre según las reglas de uso de Damodaran ('no strings attached', https://pages.stern.nyu.edu/~adamodar/New_Home_Page/datahistory.html#rules); solo agregados por industria; se cita la fuente"
damodaran,US,sp500_dividends,2008-12-31,28.05,index,2026-01-09,2026-10-02,https://pages.stern.nyu.edu/~adamodar/New_Home_Page/datafile/histimpl.html,"Uso libre según las reglas de uso de Damodaran ('no strings attached', https://pages.stern.nyu.edu/~adamodar/New_Home_Page/datahistory.html#rules); solo agregados por industria; se cita la fuente"
damodaran,US,us_tbond_10y,2008-12-31,0.0220999999999999,decimal,2026-01-09,2026-10-02,https://pages.stern.nyu.edu/~adamodar/New_Home_Page/datafile/histimpl.html,"Uso libre según las reglas de uso de Damodaran ('no strings attached', https://pages.stern.nyu.edu/~adamodar/New_Home_Page/datahistory.html#rules); solo agregados por industria; se cita la fuente"
damodaran,US,smoothed_growth,2008-12-31,0.0210999999999999,decimal,2026-01-09,2026-10-02,https://pages.stern.nyu.edu/~adamodar/New_Home_Page/datafile/histimpl.html,"Uso libre según las reglas de uso de Damodaran ('no strings attached', https://pages.stern.nyu.edu/~adamodar/New_Home_Page/datahistory.html#rules); solo agregados por industria; se cita la fuente"
damodaran,US,implied_erp_fcfe,2008-12-31,0.0643,decimal,2026-01-09,2026-10-02,https://pages.stern.nyu.edu/~adamodar/New_Home_Page/datafile/histimpl.html,"Uso libre según las reglas de uso de Damodaran ('no strings attached', https://pages.stern.nyu.edu/~adamodar/New_Home_Page/datahistory.html#rules); solo agregados por industria; se cita la fuente"
damodaran,US,earnings_yield,2009-12-31,0.0535,decimal,2026-01-09,2026-10-02,https://pages.stern.nyu.edu/~adamodar/New_Home_Page/datafile/histimpl.html,"Uso libre según las reglas de uso de Damodaran ('no strings attached', https://pages.stern.nyu.edu/~adamodar/New_Home_Page/datahistory.html#rules); solo agregados por industria; se cita la fuente"
damodaran,US,dividend_yield,2009-12-31,0.02,decimal,2026-01-09,2026-10-02,https://pages.stern.nyu.edu/~adamodar/New_Home_Page/datafile/histimpl.html,"Uso libre según las reglas de uso de Damodaran ('no strings attached', https://pages.stern.nyu.edu/~adamodar/New_Home_Page/datahistory.html#rules); solo agregados por industria; se cita la fuente"
damodaran,US,sp500_level,2009-12-31,1115.1,index,2026-01-09,2026-10-02,https://pages.stern.nyu.edu/~adamodar/New_Home_Page/datafile/histimpl.html,"Uso libre según las reglas de uso de Damodaran ('no strings attached', https://pages.stern.nyu.edu/~adamodar/New_Home_Page/datahistory.html#rules); solo agregados por industria; se cita la fuente"
damodaran,US,sp500_earnings,2009-12-31,59.65,index,2026-01-09,2026-10-02,https://pages.stern.nyu.edu/~adamodar/New_Home_Page/datafile/histimpl.html,"Uso libre según las reglas de uso de Damodaran ('no strings attached', https://pages.stern.nyu.edu/~adamodar/New_Home_Page/datahistory.html#rules); solo agregados por industria; se cita la fuente"
damodaran,US,sp500_dividends,2009-12-31,22.31,index,2026-01-09,2026-10-02,https://pages.stern.nyu.edu/~adamodar/New_Home_Page/datafile/histimpl.html,"Uso libre según las reglas de uso de Damodaran ('no strings attached', https://pages.stern.nyu.edu/~adamodar/New_Home_Page/datahistory.html#rules); solo agregados por industria; se cita la fuente"
damodaran,US,us_tbond_10y,2009-12-31,0.0384,decimal,2026-01-09,2026-10-02,https://pages.stern.nyu.edu/~adamodar/New_Home_Page/datafile/histimpl.html,"Uso libre según las reglas de uso de Damodaran ('no strings attached', https://pages.stern.nyu.edu/~adamodar/New_Home_Page/datahistory.html#rules); solo agregados por industria; se cita la fuente"
damodaran,US,smoothed_growth,2009-12-31,0.0028,decimal,2026-01-09,2026-10-02,https://pages.stern.nyu.edu/~adamodar/New_Home_Page/datafile/histimpl.html,"Uso libre según las reglas de uso de Damodaran ('no strings attached', https://pages.stern.nyu.edu/~adamodar/New_Home_Page/datahistory.html#rules); solo agregados por industria; se cita la fuente"
damodaran,US,implied_erp_fcfe,2009-12-31,0.0436,decimal,2026-01-09,2026-10-02,https://pages.stern.nyu.edu/~adamodar/New_Home_Page/datafile/histimpl.html,"Uso libre según las reglas de uso de Damodaran ('no strings attached', https://pages.stern.nyu.edu/~adamodar/New_Home_Page/datahistory.html#rules); solo agregados por industria; se cita la fuente"
damodaran,US,earnings_yield,2010-12-31,0.0665,decimal,2026-01-09,2026-10-02,https://pages.stern.nyu.edu/~adamodar/New_Home_Page/datafile/histimpl.html,"Uso libre según las reglas de uso de Damodaran ('no strings attached', https://pages.stern.nyu.edu/~adamodar/New_Home_Page/datahistory.html#rules); solo agregados por industria; se cita la fuente"
damodaran,US,dividend_yield,2010-12-31,0.0184,decimal,2026-01-09,2026-10-02,https://pages.stern.nyu.edu/~adamodar/New_Home_Page/datafile/histimpl.html,"Uso libre según las reglas de uso de Damodaran ('no strings attached', https://pages.stern.nyu.edu/~adamodar/New_Home_Page/datahistory.html#rules); solo agregados por industria; se cita la fuente"
damodaran,US,sp500_level,2010-12-31,1257.64,index,2026-01-09,2026-10-02,https://pages.stern.nyu.edu/~adamodar/New_Home_Page/datafile/histimpl.html,"Uso libre según las reglas de uso de Damodaran ('no strings attached', https://pages.stern.nyu.edu/~adamodar/New_Home_Page/datahistory.html#rules); solo agregados por industria; se cita la fuente"
damodaran,US,sp500_earnings,2010-12-31,83.66,index,2026-01-09,2026-10-02,https://pages.stern.nyu.edu/~adamodar/New_Home_Page/datafile/histimpl.html,"Uso libre según las reglas de uso de Damodaran ('no strings attached', https://pages.stern.nyu.edu/~adamodar/New_Home_Page/datahistory.html#rules); solo agregados por industria; se cita la fuente"
damodaran,US,sp500_dividends,2010-12-31,23.12,index,2026-01-09,2026-10-02,https://pages.stern.nyu.edu/~adamodar/New_Home_Page/datafile/histimpl.html,"Uso libre según las reglas de uso de Damodaran ('no strings attached', https://pages.stern.nyu.edu/~adamodar/New_Home_Page/datahistory.html#rules); solo agregados por industria; se cita la fuente"
damodaran,US,us_tbond_10y,2010-12-31,0.0329,decimal,2026-01-09,2026-10-02,https://pages.stern.nyu.edu/~adamodar/New_Home_Page/datafile/histimpl.html,"Uso libre según las reglas de uso de Damodaran ('no strings attached', https://pages.stern.nyu.edu/~adamodar/New_Home_Page/datahistory.html#rules); solo agregados por industria; se cita la fuente"
damodaran,US,smoothed_growth,2010-12-31,0.0333,decimal,2026-01-09,2026-10-02,https://pages.stern.nyu.edu/~adamodar/New_Home_Page/datafile/histimpl.html,"Uso libre según las reglas de uso de Damodaran ('no strings attached', https://pages.stern.nyu.edu/~adamodar/New_Home_Page/datahistory.html#rules); solo agregados por industria; se cita la fuente"
damodaran,US,implied_erp_fcfe,2010-12-31,0.052,decimal,2026-01-09,2026-10-02,https://pages.stern.nyu.edu/~adamodar/New_Home_Page/datafile/histimpl.html,"Uso libre según las reglas de uso de Damodaran ('no strings attached', https://pages.stern.nyu.edu/~adamodar/New_Home_Page/datahistory.html#rules); solo agregados por industria; se cita la fuente"
damodaran,US,earnings_yield,2011-12-31,0.0771999999999999,decimal,2026-01-09,2026-10-02,https://pages.stern.nyu.edu/~adamodar/New_Home_Page/datafile/histimpl.html,"Uso libre según las reglas de uso de Damodaran ('no strings attached', https://pages.stern.nyu.edu/~adamodar/New_Home_Page/datahistory.html#rules); solo agregados por industria; se cita la fuente"
damodaran,US,dividend_yield,2011-12-31,0.0207,decimal,2026-01-09,2026-10-02,https://pages.stern.nyu.edu/~adamodar/New_Home_Page/datafile/histimpl.html,"Uso libre según las reglas de uso de Damodaran ('no strings attached', https://pages.stern.nyu.edu/~adamodar/New_Home_Page/datahistory.html#rules); solo agregados por industria; se cita la fuente"
damodaran,US,sp500_level,2011-12-31,1257.6,index,2026-01-09,2026-10-02,https://pages.stern.nyu.edu/~adamodar/New_Home_Page/datafile/histimpl.html,"Uso libre según las reglas de uso de Damodaran ('no strings attached', https://pages.stern.nyu.edu/~adamodar/New_Home_Page/datahistory.html#rules); solo agregados por industria; se cita la fuente"
damodaran,US,sp500_earnings,2011-12-31,97.05,index,2026-01-09,2026-10-02,https://pages.stern.nyu.edu/~adamodar/New_Home_Page/datafile/histimpl.html,"Uso libre según las reglas de uso de Damodaran ('no strings attached', https://pages.stern.nyu.edu/~adamodar/New_Home_Page/datahistory.html#rules); solo agregados por industria; se cita la fuente"
damodaran,US,sp500_dividends,2011-12-31,26.02,index,2026-01-09,2026-10-02,https://pages.stern.nyu.edu/~adamodar/New_Home_Page/datafile/histimpl.html,"Uso libre según las reglas de uso de Damodaran ('no strings attached', https://pages.stern.nyu.edu/~adamodar/New_Home_Page/datahistory.html#rules); solo agregados por industria; se cita la fuente"
damodaran,US,us_tbond_10y,2011-12-31,0.0187999999999999,decimal,2026-01-09,2026-10-02,https://pages.stern.nyu.edu/~adamodar/New_Home_Page/datafile/histimpl.html,"Uso libre según las reglas de uso de Damodaran ('no strings attached', https://pages.stern.nyu.edu/~adamodar/New_Home_Page/datahistory.html#rules); solo agregados por industria; se cita la fuente"
damodaran,US,smoothed_growth,2011-12-31,0.0275,decimal,2026-01-09,2026-10-02,https://pages.stern.nyu.edu/~adamodar/New_Home_Page/datafile/histimpl.html,"Uso libre según las reglas de uso de Damodaran ('no strings attached', https://pages.stern.nyu.edu/~adamodar/New_Home_Page/datahistory.html#rules); solo agregados por industria; se cita la fuente"
damodaran,US,implied_erp_fcfe,2011-12-31,0.0601,decimal,2026-01-09,2026-10-02,https://pages.stern.nyu.edu/~adamodar/New_Home_Page/datafile/histimpl.html,"Uso libre según las reglas de uso de Damodaran ('no strings attached', https://pages.stern.nyu.edu/~adamodar/New_Home_Page/datahistory.html#rules); solo agregados por industria; se cita la fuente"
damodaran,US,earnings_yield,2012-12-31,0.0718,decimal,2026-01-09,2026-10-02,https://pages.stern.nyu.edu/~adamodar/New_Home_Page/datafile/histimpl.html,"Uso libre según las reglas de uso de Damodaran ('no strings attached', https://pages.stern.nyu.edu/~adamodar/New_Home_Page/datahistory.html#rules); solo agregados por industria; se cita la fuente"
damodaran,US,dividend_yield,2012-12-31,0.0213,decimal,2026-01-09,2026-10-02,https://pages.stern.nyu.edu/~adamodar/New_Home_Page/datafile/histimpl.html,"Uso libre según las reglas de uso de Damodaran ('no strings attached', https://pages.stern.nyu.edu/~adamodar/New_Home_Page/datahistory.html#rules); solo agregados por industria; se cita la fuente"
damodaran,US,sp500_level,2012-12-31,1426.19,index,2026-01-09,2026-10-02,https://pages.stern.nyu.edu/~adamodar/New_Home_Page/datafile/histimpl.html,"Uso libre según las reglas de uso de Damodaran ('no strings attached', https://pages.stern.nyu.edu/~adamodar/New_Home_Page/datahistory.html#rules); solo agregados por industria; se cita la fuente"
damodaran,US,sp500_earnings,2012-12-31,102.47,index,2026-01-09,2026-10-02,https://pages.stern.nyu.edu/~adamodar/New_Home_Page/datafile/histimpl.html,"Uso libre según las reglas de uso de Damodaran ('no strings attached', https://pages.stern.nyu.edu/~adamodar/New_Home_Page/datahistory.html#rules); solo agregados por industria; se cita la fuente"
damodaran,US,sp500_dividends,2012-12-31,30.44,index,2026-01-09,2026-10-02,https://pages.stern.nyu.edu/~adamodar/New_Home_Page/datafile/histimpl.html,"Uso libre según las reglas de uso de Damodaran ('no strings attached', https://pages.stern.nyu.edu/~adamodar/New_Home_Page/datahistory.html#rules); solo agregados por industria; se cita la fuente"
damodaran,US,us_tbond_10y,2012-12-31,0.0176,decimal,2026-01-09,2026-10-02,https://pages.stern.nyu.edu/~adamodar/New_Home_Page/datafile/histimpl.html,"Uso libre según las reglas de uso de Damodaran ('no strings attached', https://pages.stern.nyu.edu/~adamodar/New_Home_Page/datahistory.html#rules); solo agregados por industria; se cita la fuente"
damodaran,US,smoothed_growth,2012-12-31,0.0293,decimal,2026-01-09,2026-10-02,https://pages.stern.nyu.edu/~adamodar/New_Home_Page/datafile/histimpl.html,"Uso libre según las reglas de uso de Damodaran ('no strings attached', https://pages.stern.nyu.edu/~adamodar/New_Home_Page/datahistory.html#rules); solo agregados por industria; se cita la fuente"
damodaran,US,implied_erp_fcfe,2012-12-31,0.0578,decimal,2026-01-09,2026-10-02,https://pages.stern.nyu.edu/~adamodar/New_Home_Page/datafile/histimpl.html,"Uso libre según las reglas de uso de Damodaran ('no strings attached', https://pages.stern.nyu.edu/~adamodar/New_Home_Page/datahistory.html#rules); solo agregados por industria; se cita la fuente"
damodaran,US,earnings_yield,2013-12-31,0.0581,decimal,2026-01-09,2026-10-02,https://pages.stern.nyu.edu/~adamodar/New_Home_Page/datafile/histimpl.html,"Uso libre según las reglas de uso de Damodaran ('no strings attached', https://pages.stern.nyu.edu/~adamodar/New_Home_Page/datahistory.html#rules); solo agregados por industria; se cita la fuente"
damodaran,US,dividend_yield,2013-12-31,0.0196,decimal,2026-01-09,2026-10-02,https://pages.stern.nyu.edu/~adamodar/New_Home_Page/datafile/histimpl.html,"Uso libre según las reglas de uso de Damodaran ('no strings attached', https://pages.stern.nyu.edu/~adamodar/New_Home_Page/datahistory.html#rules); solo agregados por industria; se cita la fuente"
damodaran,US,sp500_level,2013-12-31,1848.36,index,2026-01-09,2026-10-02,https://pages.stern.nyu.edu/~adamodar/New_Home_Page/datafile/histimpl.html,"Uso libre según las reglas de uso de Damodaran ('no strings attached', https://pages.stern.nyu.edu/~adamodar/New_Home_Page/datahistory.html#rules); solo agregados por industria; se cita la fuente"
damodaran,US,sp500_earnings,2013-12-31,107.45,index,2026-01-09,2026-10-02,https://pages.stern.nyu.edu/~adamodar/New_Home_Page/datafile/histimpl.html,"Uso libre según las reglas de uso de Damodaran ('no strings attached', https://pages.stern.nyu.edu/~adamodar/New_Home_Page/datahistory.html#rules); solo agregados por industria; se cita la fuente"
damodaran,US,sp500_dividends,2013-12-31,36.28,index,2026-01-09,2026-10-02,https://pages.stern.nyu.edu/~adamodar/New_Home_Page/datafile/histimpl.html,"Uso libre según las reglas de uso de Damodaran ('no strings attached', https://pages.stern.nyu.edu/~adamodar/New_Home_Page/datahistory.html#rules); solo agregados por industria; se cita la fuente"
damodaran,US,us_tbond_10y,2013-12-31,0.0304,decimal,2026-01-09,2026-10-02,https://pages.stern.nyu.edu/~adamodar/New_Home_Page/datafile/histimpl.html,"Uso libre según las reglas de uso de Damodaran ('no strings attached', https://pages.stern.nyu.edu/~adamodar/New_Home_Page/datahistory.html#rules); solo agregados por industria; se cita la fuente"
damodaran,US,smoothed_growth,2013-12-31,0.0501,decimal,2026-01-09,2026-10-02,https://pages.stern.nyu.edu/~adamodar/New_Home_Page/datafile/histimpl.html,"Uso libre según las reglas de uso de Damodaran ('no strings attached', https://pages.stern.nyu.edu/~adamodar/New_Home_Page/datahistory.html#rules); solo agregados por industria; se cita la fuente"
damodaran,US,implied_erp_fcfe,2013-12-31,0.0496,decimal,2026-01-09,2026-10-02,https://pages.stern.nyu.edu/~adamodar/New_Home_Page/datafile/histimpl.html,"Uso libre según las reglas de uso de Damodaran ('no strings attached', https://pages.stern.nyu.edu/~adamodar/New_Home_Page/datahistory.html#rules); solo agregados por industria; se cita la fuente"
damodaran,US,earnings_yield,2014-12-31,0.0549,decimal,2026-01-09,2026-10-02,https://pages.stern.nyu.edu/~adamodar/New_Home_Page/datafile/histimpl.html,"Uso libre según las reglas de uso de Damodaran ('no strings attached', https://pages.stern.nyu.edu/~adamodar/New_Home_Page/datahistory.html#rules); solo agregados por industria; se cita la fuente"
damodaran,US,dividend_yield,2014-12-31,0.0192,decimal,2026-01-09,2026-10-02,https://pages.stern.nyu.edu/~adamodar/New_Home_Page/datafile/histimpl.html,"Uso libre según las reglas de uso de Damodaran ('no strings attached', https://pages.stern.nyu.edu/~adamodar/New_Home_Page/datahistory.html#rules); solo agregados por industria; se cita la fuente"
damodaran,US,sp500_level,2014-12-31,2058.9,index,2026-01-09,2026-10-02,https://pages.stern.nyu.edu/~adamodar/New_Home_Page/datafile/histimpl.html,"Uso libre según las reglas de uso de Damodaran ('no strings attached', https://pages.stern.nyu.edu/~adamodar/New_Home_Page/datahistory.html#rules); solo agregados por industria; se cita la fuente"
damodaran,US,sp500_earnings,2014-12-31,113.01,index,2026-01-09,2026-10-02,https://pages.stern.nyu.edu/~adamodar/New_Home_Page/datafile/histimpl.html,"Uso libre según las reglas de uso de Damodaran ('no strings attached', https://pages.stern.nyu.edu/~adamodar/New_Home_Page/datahistory.html#rules); solo agregados por industria; se cita la fuente"
damodaran,US,sp500_dividends,2014-12-31,39.44,index,2026-01-09,2026-10-02,https://pages.stern.nyu.edu/~adamodar/New_Home_Page/datafile/histimpl.html,"Uso libre según las reglas de uso de Damodaran ('no strings attached', https://pages.stern.nyu.edu/~adamodar/New_Home_Page/datahistory.html#rules); solo agregados por industria; se cita la fuente"
damodaran,US,us_tbond_10y,2014-12-31,0.0217,decimal,2026-01-09,2026-10-02,https://pages.stern.nyu.edu/~adamodar/New_Home_Page/datafile/histimpl.html,"Uso libre según las reglas de uso de Damodaran ('no strings attached', https://pages.stern.nyu.edu/~adamodar/New_Home_Page/datahistory.html#rules); solo agregados por industria; se cita la fuente"
damodaran,US,smoothed_growth,2014-12-31,0.0277,decimal,2026-01-09,2026-10-02,https://pages.stern.nyu.edu/~adamodar/New_Home_Page/datafile/histimpl.html,"Uso libre según las reglas de uso de Damodaran ('no strings attached', https://pages.stern.nyu.edu/~adamodar/New_Home_Page/datahistory.html#rules); solo agregados por industria; se cita la fuente"
damodaran,US,implied_erp_fcfe,2014-12-31,0.0578,decimal,2026-01-09,2026-10-02,https://pages.stern.nyu.edu/~adamodar/New_Home_Page/datafile/histimpl.html,"Uso libre según las reglas de uso de Damodaran ('no strings attached', https://pages.stern.nyu.edu/~adamodar/New_Home_Page/datahistory.html#rules); solo agregados por industria; se cita la fuente"
damodaran,US,earnings_yield,2015-12-31,0.052,decimal,2026-01-09,2026-10-02,https://pages.stern.nyu.edu/~adamodar/New_Home_Page/datafile/histimpl.html,"Uso libre según las reglas de uso de Damodaran ('no strings attached', https://pages.stern.nyu.edu/~adamodar/New_Home_Page/datahistory.html#rules); solo agregados por industria; se cita la fuente"
damodaran,US,dividend_yield,2015-12-31,0.0210999999999999,decimal,2026-01-09,2026-10-02,https://pages.stern.nyu.edu/~adamodar/New_Home_Page/datafile/histimpl.html,"Uso libre según las reglas de uso de Damodaran ('no strings attached', https://pages.stern.nyu.edu/~adamodar/New_Home_Page/datahistory.html#rules); solo agregados por industria; se cita la fuente"
damodaran,US,sp500_level,2015-12-31,2043.94,index,2026-01-09,2026-10-02,https://pages.stern.nyu.edu/~adamodar/New_Home_Page/datafile/histimpl.html,"Uso libre según las reglas de uso de Damodaran ('no strings attached', https://pages.stern.nyu.edu/~adamodar/New_Home_Page/datahistory.html#rules); solo agregados por industria; se cita la fuente"
damodaran,US,sp500_earnings,2015-12-31,106.32,index,2026-01-09,2026-10-02,https://pages.stern.nyu.edu/~adamodar/New_Home_Page/datafile/histimpl.html,"Uso libre según las reglas de uso de Damodaran ('no strings attached', https://pages.stern.nyu.edu/~adamodar/New_Home_Page/datahistory.html#rules); solo agregados por industria; se cita la fuente"
damodaran,US,sp500_dividends,2015-12-31,43.16,index,2026-01-09,2026-10-02,https://pages.stern.nyu.edu/~adamodar/New_Home_Page/datafile/histimpl.html,"Uso libre según las reglas de uso de Damodaran ('no strings attached', https://pages.stern.nyu.edu/~adamodar/New_Home_Page/datahistory.html#rules); solo agregados por industria; se cita la fuente"
damodaran,US,us_tbond_10y,2015-12-31,0.0227,decimal,2026-01-09,2026-10-02,https://pages.stern.nyu.edu/~adamodar/New_Home_Page/datafile/histimpl.html,"Uso libre según las reglas de uso de Damodaran ('no strings attached', https://pages.stern.nyu.edu/~adamodar/New_Home_Page/datahistory.html#rules); solo agregados por industria; se cita la fuente"
damodaran,US,smoothed_growth,2015-12-31,0.0296,decimal,2026-01-09,2026-10-02,https://pages.stern.nyu.edu/~adamodar/New_Home_Page/datafile/histimpl.html,"Uso libre según las reglas de uso de Damodaran ('no strings attached', https://pages.stern.nyu.edu/~adamodar/New_Home_Page/datahistory.html#rules); solo agregados por industria; se cita la fuente"
damodaran,US,implied_erp_fcfe,2015-12-31,0.0612,decimal,2026-01-09,2026-10-02,https://pages.stern.nyu.edu/~adamodar/New_Home_Page/datafile/histimpl.html,"Uso libre según las reglas de uso de Damodaran ('no strings attached', https://pages.stern.nyu.edu/~adamodar/New_Home_Page/datahistory.html#rules); solo agregados por industria; se cita la fuente"
damodaran,US,earnings_yield,2016-12-31,0.0486,decimal,2026-01-09,2026-10-02,https://pages.stern.nyu.edu/~adamodar/New_Home_Page/datafile/histimpl.html,"Uso libre según las reglas de uso de Damodaran ('no strings attached', https://pages.stern.nyu.edu/~adamodar/New_Home_Page/datahistory.html#rules); solo agregados por industria; se cita la fuente"
damodaran,US,dividend_yield,2016-12-31,0.0200999999999999,decimal,2026-01-09,2026-10-02,https://pages.stern.nyu.edu/~adamodar/New_Home_Page/datafile/histimpl.html,"Uso libre según las reglas de uso de Damodaran ('no strings attached', https://pages.stern.nyu.edu/~adamodar/New_Home_Page/datahistory.html#rules); solo agregados por industria; se cita la fuente"
damodaran,US,sp500_level,2016-12-31,2238.83,index,2026-01-09,2026-10-02,https://pages.stern.nyu.edu/~adamodar/New_Home_Page/datafile/histimpl.html,"Uso libre según las reglas de uso de Damodaran ('no strings attached', https://pages.stern.nyu.edu/~adamodar/New_Home_Page/datahistory.html#rules); solo agregados por industria; se cita la fuente"
damodaran,US,sp500_earnings,2016-12-31,108.86,index,2026-01-09,2026-10-02,https://pages.stern.nyu.edu/~adamodar/New_Home_Page/datafile/histimpl.html,"Uso libre según las reglas de uso de Damodaran ('no strings attached', https://pages.stern.nyu.edu/~adamodar/New_Home_Page/datahistory.html#rules); solo agregados por industria; se cita la fuente"
damodaran,US,sp500_dividends,2016-12-31,45.03,index,2026-01-09,2026-10-02,https://pages.stern.nyu.edu/~adamodar/New_Home_Page/datafile/histimpl.html,"Uso libre según las reglas de uso de Damodaran ('no strings attached', https://pages.stern.nyu.edu/~adamodar/New_Home_Page/datahistory.html#rules); solo agregados por industria; se cita la fuente"
damodaran,US,us_tbond_10y,2016-12-31,0.0245,decimal,2026-01-09,2026-10-02,https://pages.stern.nyu.edu/~adamodar/New_Home_Page/datafile/histimpl.html,"Uso libre según las reglas de uso de Damodaran ('no strings attached', https://pages.stern.nyu.edu/~adamodar/New_Home_Page/datahistory.html#rules); solo agregados por industria; se cita la fuente"
damodaran,US,smoothed_growth,2016-12-31,0.0264,decimal,2026-01-09,2026-10-02,https://pages.stern.nyu.edu/~adamodar/New_Home_Page/datafile/histimpl.html,"Uso libre según las reglas de uso de Damodaran ('no strings attached', https://pages.stern.nyu.edu/~adamodar/New_Home_Page/datahistory.html#rules); solo agregados por industria; se cita la fuente"
damodaran,US,implied_erp_fcfe,2016-12-31,0.0569,decimal,2026-01-09,2026-10-02,https://pages.stern.nyu.edu/~adamodar/New_Home_Page/datafile/histimpl.html,"Uso libre según las reglas de uso de Damodaran ('no strings attached', https://pages.stern.nyu.edu/~adamodar/New_Home_Page/datahistory.html#rules); solo agregados por industria; se cita la fuente"
damodaran,US,earnings_yield,2017-12-31,0.0467,decimal,2026-01-09,2026-10-02,https://pages.stern.nyu.edu/~adamodar/New_Home_Page/datafile/histimpl.html,"Uso libre según las reglas de uso de Damodaran ('no strings attached', https://pages.stern.nyu.edu/~adamodar/New_Home_Page/datahistory.html#rules); solo agregados por industria; se cita la fuente"
damodaran,US,dividend_yield,2017-12-31,0.0186,decimal,2026-01-09,2026-10-02,https://pages.stern.nyu.edu/~adamodar/New_Home_Page/datafile/histimpl.html,"Uso libre según las reglas de uso de Damodaran ('no strings attached', https://pages.stern.nyu.edu/~adamodar/New_Home_Page/datahistory.html#rules); solo agregados por industria; se cita la fuente"
damodaran,US,sp500_level,2017-12-31,2673.61,index,2026-01-09,2026-10-02,https://pages.stern.nyu.edu/~adamodar/New_Home_Page/datafile/histimpl.html,"Uso libre según las reglas de uso de Damodaran ('no strings attached', https://pages.stern.nyu.edu/~adamodar/New_Home_Page/datahistory.html#rules); solo agregados por industria; se cita la fuente"
damodaran,US,sp500_earnings,2017-12-31,124.94,index,2026-01-09,2026-10-02,https://pages.stern.nyu.edu/~adamodar/New_Home_Page/datafile/histimpl.html,"Uso libre según las reglas de uso de Damodaran ('no strings attached', https://pages.stern.nyu.edu/~adamodar/New_Home_Page/datahistory.html#rules); solo agregados por industria; se cita la fuente"
damodaran,US,sp500_dividends,2017-12-31,49.73,index,2026-01-09,2026-10-02,https://pages.stern.nyu.edu/~adamodar/New_Home_Page/datafile/histimpl.html,"Uso libre según las reglas de uso de Damodaran ('no strings attached', https://pages.stern.nyu.edu/~adamodar/New_Home_Page/datahistory.html#rules); solo agregados por industria; se cita la fuente"
damodaran,US,us_tbond_10y,2017-12-31,0.0241,decimal,2026-01-09,2026-10-02,https://pages.stern.nyu.edu/~adamodar/New_Home_Page/datafile/histimpl.html,"Uso libre según las reglas de uso de Damodaran ('no strings attached', https://pages.stern.nyu.edu/~adamodar/New_Home_Page/datahistory.html#rules); solo agregados por industria; se cita la fuente"
damodaran,US,smoothed_growth,2017-12-31,0.0322,decimal,2026-01-09,2026-10-02,https://pages.stern.nyu.edu/~adamodar/New_Home_Page/datafile/histimpl.html,"Uso libre según las reglas de uso de Damodaran ('no strings attached', https://pages.stern.nyu.edu/~adamodar/New_Home_Page/datahistory.html#rules); solo agregados por industria; se cita la fuente"
damodaran,US,implied_erp_fcfe,2017-12-31,0.0508,decimal,2026-01-09,2026-10-02,https://pages.stern.nyu.edu/~adamodar/New_Home_Page/datafile/histimpl.html,"Uso libre según las reglas de uso de Damodaran ('no strings attached', https://pages.stern.nyu.edu/~adamodar/New_Home_Page/datahistory.html#rules); solo agregados por industria; se cita la fuente"
damodaran,US,earnings_yield,2018-12-31,0.0592,decimal,2026-01-09,2026-10-02,https://pages.stern.nyu.edu/~adamodar/New_Home_Page/datafile/histimpl.html,"Uso libre según las reglas de uso de Damodaran ('no strings attached', https://pages.stern.nyu.edu/~adamodar/New_Home_Page/datahistory.html#rules); solo agregados por industria; se cita la fuente"
damodaran,US,dividend_yield,2018-12-31,0.0214,decimal,2026-01-09,2026-10-02,https://pages.stern.nyu.edu/~adamodar/New_Home_Page/datafile/histimpl.html,"Uso libre según las reglas de uso de Damodaran ('no strings attached', https://pages.stern.nyu.edu/~adamodar/New_Home_Page/datahistory.html#rules); solo agregados por industria; se cita la fuente"
damodaran,US,sp500_level,2018-12-31,2506.85,index,2026-01-09,2026-10-02,https://pages.stern.nyu.edu/~adamodar/New_Home_Page/datafile/histimpl.html,"Uso libre según las reglas de uso de Damodaran ('no strings attached', https://pages.stern.nyu.edu/~adamodar/New_Home_Page/datahistory.html#rules); solo agregados por industria; se cita la fuente"
damodaran,US,sp500_earnings,2018-12-31,148.34,index,2026-01-09,2026-10-02,https://pages.stern.nyu.edu/~adamodar/New_Home_Page/datafile/histimpl.html,"Uso libre según las reglas de uso de Damodaran ('no strings attached', https://pages.stern.nyu.edu/~adamodar/New_Home_Page/datahistory.html#rules); solo agregados por industria; se cita la fuente"
damodaran,US,sp500_dividends,2018-12-31,53.61,index,2026-01-09,2026-10-02,https://pages.stern.nyu.edu/~adamodar/New_Home_Page/datafile/histimpl.html,"Uso libre según las reglas de uso de Damodaran ('no strings attached', https://pages.stern.nyu.edu/~adamodar/New_Home_Page/datahistory.html#rules); solo agregados por industria; se cita la fuente"
damodaran,US,us_tbond_10y,2018-12-31,0.0268,decimal,2026-01-09,2026-10-02,https://pages.stern.nyu.edu/~adamodar/New_Home_Page/datafile/histimpl.html,"Uso libre según las reglas de uso de Damodaran ('no strings attached', https://pages.stern.nyu.edu/~adamodar/New_Home_Page/datahistory.html#rules); solo agregados por industria; se cita la fuente"
damodaran,US,smoothed_growth,2018-12-31,0.0324,decimal,2026-01-09,2026-10-02,https://pages.stern.nyu.edu/~adamodar/New_Home_Page/datafile/histimpl.html,"Uso libre según las reglas de uso de Damodaran ('no strings attached', https://pages.stern.nyu.edu/~adamodar/New_Home_Page/datahistory.html#rules); solo agregados por industria; se cita la fuente"
damodaran,US,implied_erp_fcfe,2018-12-31,0.0596,decimal,2026-01-09,2026-10-02,https://pages.stern.nyu.edu/~adamodar/New_Home_Page/datafile/histimpl.html,"Uso libre según las reglas de uso de Damodaran ('no strings attached', https://pages.stern.nyu.edu/~adamodar/New_Home_Page/datahistory.html#rules); solo agregados por industria; se cita la fuente"
damodaran,US,earnings_yield,2019-12-31,0.0503,decimal,2026-01-09,2026-10-02,https://pages.stern.nyu.edu/~adamodar/New_Home_Page/datafile/histimpl.html,"Uso libre según las reglas de uso de Damodaran ('no strings attached', https://pages.stern.nyu.edu/~adamodar/New_Home_Page/datahistory.html#rules); solo agregados por industria; se cita la fuente"
damodaran,US,dividend_yield,2019-12-31,0.0182,decimal,2026-01-09,2026-10-02,https://pages.stern.nyu.edu/~adamodar/New_Home_Page/datafile/histimpl.html,"Uso libre según las reglas de uso de Damodaran ('no strings attached', https://pages.stern.nyu.edu/~adamodar/New_Home_Page/datahistory.html#rules); solo agregados por industria; se cita la fuente"
damodaran,US,sp500_level,2019-12-31,3230.78,index,2026-01-09,2026-10-02,https://pages.stern.nyu.edu/~adamodar/New_Home_Page/datafile/histimpl.html,"Uso libre según las reglas de uso de Damodaran ('no strings attached', https://pages.stern.nyu.edu/~adamodar/New_Home_Page/datahistory.html#rules); solo agregados por industria; se cita la fuente"
damodaran,US,sp500_earnings,2019-12-31,162.35,index,2026-01-09,2026-10-02,https://pages.stern.nyu.edu/~adamodar/New_Home_Page/datafile/histimpl.html,"Uso libre según las reglas de uso de Damodaran ('no strings attached', https://pages.stern.nyu.edu/~adamodar/New_Home_Page/datahistory.html#rules); solo agregados por industria; se cita la fuente"
damodaran,US,sp500_dividends,2019-12-31,58.8,index,2026-01-09,2026-10-02,https://pages.stern.nyu.edu/~adamodar/New_Home_Page/datafile/histimpl.html,"Uso libre según las reglas de uso de Damodaran ('no strings attached', https://pages.stern.nyu.edu/~adamodar/New_Home_Page/datahistory.html#rules); solo agregados por industria; se cita la fuente"
damodaran,US,us_tbond_10y,2019-12-31,0.0192,decimal,2026-01-09,2026-10-02,https://pages.stern.nyu.edu/~adamodar/New_Home_Page/datafile/histimpl.html,"Uso libre según las reglas de uso de Damodaran ('no strings attached', https://pages.stern.nyu.edu/~adamodar/New_Home_Page/datahistory.html#rules); solo agregados por industria; se cita la fuente"
damodaran,US,smoothed_growth,2019-12-31,0.0256999999999999,decimal,2026-01-09,2026-10-02,https://pages.stern.nyu.edu/~adamodar/New_Home_Page/datafile/histimpl.html,"Uso libre según las reglas de uso de Damodaran ('no strings attached', https://pages.stern.nyu.edu/~adamodar/New_Home_Page/datahistory.html#rules); solo agregados por industria; se cita la fuente"
damodaran,US,implied_erp_fcfe,2019-12-31,0.052,decimal,2026-01-09,2026-10-02,https://pages.stern.nyu.edu/~adamodar/New_Home_Page/datafile/histimpl.html,"Uso libre según las reglas de uso de Damodaran ('no strings attached', https://pages.stern.nyu.edu/~adamodar/New_Home_Page/datahistory.html#rules); solo agregados por industria; se cita la fuente"
damodaran,US,earnings_yield,2020-12-31,0.0372,decimal,2026-01-09,2026-10-02,https://pages.stern.nyu.edu/~adamodar/New_Home_Page/datafile/histimpl.html,"Uso libre según las reglas de uso de Damodaran ('no strings attached', https://pages.stern.nyu.edu/~adamodar/New_Home_Page/datahistory.html#rules); solo agregados por industria; se cita la fuente"
damodaran,US,dividend_yield,2020-12-31,0.0151,decimal,2026-01-09,2026-10-02,https://pages.stern.nyu.edu/~adamodar/New_Home_Page/datafile/histimpl.html,"Uso libre según las reglas de uso de Damodaran ('no strings attached', https://pages.stern.nyu.edu/~adamodar/New_Home_Page/datahistory.html#rules); solo agregados por industria; se cita la fuente"
damodaran,US,sp500_level,2020-12-31,3756.07,index,2026-01-09,2026-10-02,https://pages.stern.nyu.edu/~adamodar/New_Home_Page/datafile/histimpl.html,"Uso libre según las reglas de uso de Damodaran ('no strings attached', https://pages.stern.nyu.edu/~adamodar/New_Home_Page/datahistory.html#rules); solo agregados por industria; se cita la fuente"
damodaran,US,sp500_earnings,2020-12-31,139.76,index,2026-01-09,2026-10-02,https://pages.stern.nyu.edu/~adamodar/New_Home_Page/datafile/histimpl.html,"Uso libre según las reglas de uso de Damodaran ('no strings attached', https://pages.stern.nyu.edu/~adamodar/New_Home_Page/datahistory.html#rules); solo agregados por industria; se cita la fuente"
damodaran,US,sp500_dividends,2020-12-31,56.7,index,2026-01-09,2026-10-02,https://pages.stern.nyu.edu/~adamodar/New_Home_Page/datafile/histimpl.html,"Uso libre según las reglas de uso de Damodaran ('no strings attached', https://pages.stern.nyu.edu/~adamodar/New_Home_Page/datahistory.html#rules); solo agregados por industria; se cita la fuente"
damodaran,US,us_tbond_10y,2020-12-31,0.0093,decimal,2026-01-09,2026-10-02,https://pages.stern.nyu.edu/~adamodar/New_Home_Page/datafile/histimpl.html,"Uso libre según las reglas de uso de Damodaran ('no strings attached', https://pages.stern.nyu.edu/~adamodar/New_Home_Page/datahistory.html#rules); solo agregados por industria; se cita la fuente"
damodaran,US,smoothed_growth,2020-12-31,0.0074,decimal,2026-01-09,2026-10-02,https://pages.stern.nyu.edu/~adamodar/New_Home_Page/datafile/histimpl.html,"Uso libre según las reglas de uso de Damodaran ('no strings attached', https://pages.stern.nyu.edu/~adamodar/New_Home_Page/datahistory.html#rules); solo agregados por industria; se cita la fuente"
damodaran,US,implied_erp_fcfe,2020-12-31,0.0472,decimal,2026-01-09,2026-10-02,https://pages.stern.nyu.edu/~adamodar/New_Home_Page/datafile/histimpl.html,"Uso libre según las reglas de uso de Damodaran ('no strings attached', https://pages.stern.nyu.edu/~adamodar/New_Home_Page/datahistory.html#rules); solo agregados por industria; se cita la fuente"
damodaran,US,earnings_yield,2021-12-31,0.0433,decimal,2026-01-09,2026-10-02,https://pages.stern.nyu.edu/~adamodar/New_Home_Page/datafile/histimpl.html,"Uso libre según las reglas de uso de Damodaran ('no strings attached', https://pages.stern.nyu.edu/~adamodar/New_Home_Page/datahistory.html#rules); solo agregados por industria; se cita la fuente"
damodaran,US,dividend_yield,2021-12-31,0.0124,decimal,2026-01-09,2026-10-02,https://pages.stern.nyu.edu/~adamodar/New_Home_Page/datafile/histimpl.html,"Uso libre según las reglas de uso de Damodaran ('no strings attached', https://pages.stern.nyu.edu/~adamodar/New_Home_Page/datahistory.html#rules); solo agregados por industria; se cita la fuente"
damodaran,US,sp500_level,2021-12-31,4766.18,index,2026-01-09,2026-10-02,https://pages.stern.nyu.edu/~adamodar/New_Home_Page/datafile/histimpl.html,"Uso libre según las reglas de uso de Damodaran ('no strings attached', https://pages.stern.nyu.edu/~adamodar/New_Home_Page/datahistory.html#rules); solo agregados por industria; se cita la fuente"
damodaran,US,sp500_earnings,2021-12-31,206.38,index,2026-01-09,2026-10-02,https://pages.stern.nyu.edu/~adamodar/New_Home_Page/datafile/histimpl.html,"Uso libre según las reglas de uso de Damodaran ('no strings attached', https://pages.stern.nyu.edu/~adamodar/New_Home_Page/datahistory.html#rules); solo agregados por industria; se cita la fuente"
damodaran,US,sp500_dividends,2021-12-31,59.2,index,2026-01-09,2026-10-02,https://pages.stern.nyu.edu/~adamodar/New_Home_Page/datafile/histimpl.html,"Uso libre según las reglas de uso de Damodaran ('no strings attached', https://pages.stern.nyu.edu/~adamodar/New_Home_Page/datahistory.html#rules); solo agregados por industria; se cita la fuente"
damodaran,US,us_tbond_10y,2021-12-31,0.0151,decimal,2026-01-09,2026-10-02,https://pages.stern.nyu.edu/~adamodar/New_Home_Page/datafile/histimpl.html,"Uso libre según las reglas de uso de Damodaran ('no strings attached', https://pages.stern.nyu.edu/~adamodar/New_Home_Page/datahistory.html#rules); solo agregados por industria; se cita la fuente"
damodaran,US,smoothed_growth,2021-12-31,0.0171,decimal,2026-01-09,2026-10-02,https://pages.stern.nyu.edu/~adamodar/New_Home_Page/datafile/histimpl.html,"Uso libre según las reglas de uso de Damodaran ('no strings attached', https://pages.stern.nyu.edu/~adamodar/New_Home_Page/datahistory.html#rules); solo agregados por industria; se cita la fuente"
damodaran,US,implied_erp_fcfe,2021-12-31,0.0424,decimal,2026-01-09,2026-10-02,https://pages.stern.nyu.edu/~adamodar/New_Home_Page/datafile/histimpl.html,"Uso libre según las reglas de uso de Damodaran ('no strings attached', https://pages.stern.nyu.edu/~adamodar/New_Home_Page/datahistory.html#rules); solo agregados por industria; se cita la fuente"
damodaran,US,earnings_yield,2022-12-31,0.0572,decimal,2026-01-09,2026-10-02,https://pages.stern.nyu.edu/~adamodar/New_Home_Page/datafile/histimpl.html,"Uso libre según las reglas de uso de Damodaran ('no strings attached', https://pages.stern.nyu.edu/~adamodar/New_Home_Page/datahistory.html#rules); solo agregados por industria; se cita la fuente"
damodaran,US,dividend_yield,2022-12-31,0.0178,decimal,2026-01-09,2026-10-02,https://pages.stern.nyu.edu/~adamodar/New_Home_Page/datafile/histimpl.html,"Uso libre según las reglas de uso de Damodaran ('no strings attached', https://pages.stern.nyu.edu/~adamodar/New_Home_Page/datahistory.html#rules); solo agregados por industria; se cita la fuente"
damodaran,US,sp500_level,2022-12-31,3839.5,index,2026-01-09,2026-10-02,https://pages.stern.nyu.edu/~adamodar/New_Home_Page/datafile/histimpl.html,"Uso libre según las reglas de uso de Damodaran ('no strings attached', https://pages.stern.nyu.edu/~adamodar/New_Home_Page/datahistory.html#rules); solo agregados por industria; se cita la fuente"
damodaran,US,sp500_earnings,2022-12-31,219.49,index,2026-01-09,2026-10-02,https://pages.stern.nyu.edu/~adamodar/New_Home_Page/datafile/histimpl.html,"Uso libre según las reglas de uso de Damodaran ('no strings attached', https://pages.stern.nyu.edu/~adamodar/New_Home_Page/datahistory.html#rules); solo agregados por industria; se cita la fuente"
damodaran,US,sp500_dividends,2022-12-31,68.34,index,2026-01-09,2026-10-02,https://pages.stern.nyu.edu/~adamodar/New_Home_Page/datafile/histimpl.html,"Uso libre según las reglas de uso de Damodaran ('no strings attached', https://pages.stern.nyu.edu/~adamodar/New_Home_Page/datahistory.html#rules); solo agregados por industria; se cita la fuente"
damodaran,US,us_tbond_10y,2022-12-31,0.0388,decimal,2026-01-09,2026-10-02,https://pages.stern.nyu.edu/~adamodar/New_Home_Page/datafile/histimpl.html,"Uso libre según las reglas de uso de Damodaran ('no strings attached', https://pages.stern.nyu.edu/~adamodar/New_Home_Page/datahistory.html#rules); solo agregados por industria; se cita la fuente"
damodaran,US,smoothed_growth,2022-12-31,0.0559,decimal,2026-01-09,2026-10-02,https://pages.stern.nyu.edu/~adamodar/New_Home_Page/datafile/histimpl.html,"Uso libre según las reglas de uso de Damodaran ('no strings attached', https://pages.stern.nyu.edu/~adamodar/New_Home_Page/datahistory.html#rules); solo agregados por industria; se cita la fuente"
damodaran,US,implied_erp_fcfe,2022-12-31,0.0594,decimal,2026-01-09,2026-10-02,https://pages.stern.nyu.edu/~adamodar/New_Home_Page/datafile/histimpl.html,"Uso libre según las reglas de uso de Damodaran ('no strings attached', https://pages.stern.nyu.edu/~adamodar/New_Home_Page/datahistory.html#rules); solo agregados por industria; se cita la fuente"
damodaran,US,earnings_yield,2023-12-31,0.0464,decimal,2026-01-09,2026-10-02,https://pages.stern.nyu.edu/~adamodar/New_Home_Page/datafile/histimpl.html,"Uso libre según las reglas de uso de Damodaran ('no strings attached', https://pages.stern.nyu.edu/~adamodar/New_Home_Page/datahistory.html#rules); solo agregados por industria; se cita la fuente"
damodaran,US,dividend_yield,2023-12-31,0.0147,decimal,2026-01-09,2026-10-02,https://pages.stern.nyu.edu/~adamodar/New_Home_Page/datafile/histimpl.html,"Uso libre según las reglas de uso de Damodaran ('no strings attached', https://pages.stern.nyu.edu/~adamodar/New_Home_Page/datahistory.html#rules); solo agregados por industria; se cita la fuente"
damodaran,US,sp500_level,2023-12-31,4769.83,index,2026-01-09,2026-10-02,https://pages.stern.nyu.edu/~adamodar/New_Home_Page/datafile/histimpl.html,"Uso libre según las reglas de uso de Damodaran ('no strings attached', https://pages.stern.nyu.edu/~adamodar/New_Home_Page/datahistory.html#rules); solo agregados por industria; se cita la fuente"
damodaran,US,sp500_earnings,2023-12-31,221.36,index,2026-01-09,2026-10-02,https://pages.stern.nyu.edu/~adamodar/New_Home_Page/datafile/histimpl.html,"Uso libre según las reglas de uso de Damodaran ('no strings attached', https://pages.stern.nyu.edu/~adamodar/New_Home_Page/datahistory.html#rules); solo agregados por industria; se cita la fuente"
damodaran,US,sp500_dividends,2023-12-31,70.07,index,2026-01-09,2026-10-02,https://pages.stern.nyu.edu/~adamodar/New_Home_Page/datafile/histimpl.html,"Uso libre según las reglas de uso de Damodaran ('no strings attached', https://pages.stern.nyu.edu/~adamodar/New_Home_Page/datahistory.html#rules); solo agregados por industria; se cita la fuente"
damodaran,US,us_tbond_10y,2023-12-31,0.0388,decimal,2026-01-09,2026-10-02,https://pages.stern.nyu.edu/~adamodar/New_Home_Page/datafile/histimpl.html,"Uso libre según las reglas de uso de Damodaran ('no strings attached', https://pages.stern.nyu.edu/~adamodar/New_Home_Page/datahistory.html#rules); solo agregados por industria; se cita la fuente"
damodaran,US,smoothed_growth,2023-12-31,0.0368,decimal,2026-01-09,2026-10-02,https://pages.stern.nyu.edu/~adamodar/New_Home_Page/datafile/histimpl.html,"Uso libre según las reglas de uso de Damodaran ('no strings attached', https://pages.stern.nyu.edu/~adamodar/New_Home_Page/datahistory.html#rules); solo agregados por industria; se cita la fuente"
damodaran,US,implied_erp_fcfe,2023-12-31,0.046,decimal,2026-01-09,2026-10-02,https://pages.stern.nyu.edu/~adamodar/New_Home_Page/datafile/histimpl.html,"Uso libre según las reglas de uso de Damodaran ('no strings attached', https://pages.stern.nyu.edu/~adamodar/New_Home_Page/datahistory.html#rules); solo agregados por industria; se cita la fuente"
damodaran,US,earnings_yield,2024-12-31,0.0414,decimal,2026-01-09,2026-10-02,https://pages.stern.nyu.edu/~adamodar/New_Home_Page/datafile/histimpl.html,"Uso libre según las reglas de uso de Damodaran ('no strings attached', https://pages.stern.nyu.edu/~adamodar/New_Home_Page/datahistory.html#rules); solo agregados por industria; se cita la fuente"
damodaran,US,dividend_yield,2024-12-31,0.0125,decimal,2026-01-09,2026-10-02,https://pages.stern.nyu.edu/~adamodar/New_Home_Page/datafile/histimpl.html,"Uso libre según las reglas de uso de Damodaran ('no strings attached', https://pages.stern.nyu.edu/~adamodar/New_Home_Page/datahistory.html#rules); solo agregados por industria; se cita la fuente"
damodaran,US,sp500_level,2024-12-31,5881.63,index,2026-01-09,2026-10-02,https://pages.stern.nyu.edu/~adamodar/New_Home_Page/datafile/histimpl.html,"Uso libre según las reglas de uso de Damodaran ('no strings attached', https://pages.stern.nyu.edu/~adamodar/New_Home_Page/datahistory.html#rules); solo agregados por industria; se cita la fuente"
damodaran,US,sp500_earnings,2024-12-31,243.32,index,2026-01-09,2026-10-02,https://pages.stern.nyu.edu/~adamodar/New_Home_Page/datafile/histimpl.html,"Uso libre según las reglas de uso de Damodaran ('no strings attached', https://pages.stern.nyu.edu/~adamodar/New_Home_Page/datahistory.html#rules); solo agregados por industria; se cita la fuente"
damodaran,US,sp500_dividends,2024-12-31,73.4,index,2026-01-09,2026-10-02,https://pages.stern.nyu.edu/~adamodar/New_Home_Page/datafile/histimpl.html,"Uso libre según las reglas de uso de Damodaran ('no strings attached', https://pages.stern.nyu.edu/~adamodar/New_Home_Page/datahistory.html#rules); solo agregados por industria; se cita la fuente"
damodaran,US,us_tbond_10y,2024-12-31,0.0458,decimal,2026-01-09,2026-10-02,https://pages.stern.nyu.edu/~adamodar/New_Home_Page/datafile/histimpl.html,"Uso libre según las reglas de uso de Damodaran ('no strings attached', https://pages.stern.nyu.edu/~adamodar/New_Home_Page/datahistory.html#rules); solo agregados por industria; se cita la fuente"
damodaran,US,smoothed_growth,2024-12-31,0.0461,decimal,2026-01-09,2026-10-02,https://pages.stern.nyu.edu/~adamodar/New_Home_Page/datafile/histimpl.html,"Uso libre según las reglas de uso de Damodaran ('no strings attached', https://pages.stern.nyu.edu/~adamodar/New_Home_Page/datahistory.html#rules); solo agregados por industria; se cita la fuente"
damodaran,US,implied_erp_fcfe,2024-12-31,0.0433,decimal,2026-01-09,2026-10-02,https://pages.stern.nyu.edu/~adamodar/New_Home_Page/datafile/histimpl.html,"Uso libre según las reglas de uso de Damodaran ('no strings attached', https://pages.stern.nyu.edu/~adamodar/New_Home_Page/datahistory.html#rules); solo agregados por industria; se cita la fuente"
damodaran,US,earnings_yield,2025-12-31,0.0397,decimal,2026-01-09,2026-10-02,https://pages.stern.nyu.edu/~adamodar/New_Home_Page/datafile/histimpl.html,"Uso libre según las reglas de uso de Damodaran ('no strings attached', https://pages.stern.nyu.edu/~adamodar/New_Home_Page/datahistory.html#rules); solo agregados por industria; se cita la fuente"
damodaran,US,dividend_yield,2025-12-31,0.0115,decimal,2026-01-09,2026-10-02,https://pages.stern.nyu.edu/~adamodar/New_Home_Page/datafile/histimpl.html,"Uso libre según las reglas de uso de Damodaran ('no strings attached', https://pages.stern.nyu.edu/~adamodar/New_Home_Page/datahistory.html#rules); solo agregados por industria; se cita la fuente"
damodaran,US,sp500_level,2025-12-31,6845.5,index,2026-01-09,2026-10-02,https://pages.stern.nyu.edu/~adamodar/New_Home_Page/datafile/histimpl.html,"Uso libre según las reglas de uso de Damodaran ('no strings attached', https://pages.stern.nyu.edu/~adamodar/New_Home_Page/datahistory.html#rules); solo agregados por industria; se cita la fuente"
damodaran,US,sp500_earnings,2025-12-31,271.52,index,2026-01-09,2026-10-02,https://pages.stern.nyu.edu/~adamodar/New_Home_Page/datafile/histimpl.html,"Uso libre según las reglas de uso de Damodaran ('no strings attached', https://pages.stern.nyu.edu/~adamodar/New_Home_Page/datahistory.html#rules); solo agregados por industria; se cita la fuente"
damodaran,US,sp500_dividends,2025-12-31,78.51,index,2026-01-09,2026-10-02,https://pages.stern.nyu.edu/~adamodar/New_Home_Page/datafile/histimpl.html,"Uso libre según las reglas de uso de Damodaran ('no strings attached', https://pages.stern.nyu.edu/~adamodar/New_Home_Page/datahistory.html#rules); solo agregados por industria; se cita la fuente"
damodaran,US,us_tbond_10y,2025-12-31,0.0418,decimal,2026-01-09,2026-10-02,https://pages.stern.nyu.edu/~adamodar/New_Home_Page/datafile/histimpl.html,"Uso libre según las reglas de uso de Damodaran ('no strings attached', https://pages.stern.nyu.edu/~adamodar/New_Home_Page/datahistory.html#rules); solo agregados por industria; se cita la fuente"
damodaran,US,smoothed_growth,2025-12-31,0.0461,decimal,2026-01-09,2026-10-02,https://pages.stern.nyu.edu/~adamodar/New_Home_Page/datafile/histimpl.html,"Uso libre según las reglas de uso de Damodaran ('no strings attached', https://pages.stern.nyu.edu/~adamodar/New_Home_Page/datahistory.html#rules); solo agregados por industria; se cita la fuente"
damodaran,US,implied_erp_fcfe,2025-12-31,0.0423,decimal,2026-01-09,2026-10-02,https://pages.stern.nyu.edu/~adamodar/New_Home_Page/datafile/histimpl.html,"Uso libre según las reglas de uso de Damodaran ('no strings attached', https://pages.stern.nyu.edu/~adamodar/New_Home_Page/datahistory.html#rules); solo agregados por industria; se cita la fuente"
ecb,EA,ea_aaa_10y,2026-07-10,0.0315737411201793,decimal,2026-10-01,2026-10-02,https://data-api.ecb.europa.eu/service/data/YC/B.U2.EUR.4F.G_N_A.SV_C_YM.SR_10Y,Uso libre citando al BCE como fuente y reproduciendo los datos con exactitud (https://www.ecb.europa.eu/services/disclaimer/html/index.en.html); el tipo spot se convierte de composición continua a anual efectiva
ecb,EA,ea_aaa_10y,2026-07-13,0.031740335404109254,decimal,2026-10-01,2026-10-02,https://data-api.ecb.europa.eu/service/data/YC/B.U2.EUR.4F.G_N_A.SV_C_YM.SR_10Y,Uso libre citando al BCE como fuente y reproduciendo los datos con exactitud (https://www.ecb.europa.eu/services/disclaimer/html/index.en.html); el tipo spot se convierte de composición continua a anual efectiva
ecb,EA,ea_aaa_10y,2026-07-14,0.03196274647203734,decimal,2026-10-01,2026-10-02,https://data-api.ecb.europa.eu/service/data/YC/B.U2.EUR.4F.G_N_A.SV_C_YM.SR_10Y,Uso libre citando al BCE como fuente y reproduciendo los datos con exactitud (https://www.ecb.europa.eu/services/disclaimer/html/index.en.html); el tipo spot se convierte de composición continua a anual efectiva
ecb,EA,ea_aaa_10y,2026-07-15,0.03204742562969165,decimal,2026-10-01,2026-10-02,https://data-api.ecb.europa.eu/service/data/YC/B.U2.EUR.4F.G_N_A.SV_C_YM.SR_10Y,Uso libre citando al BCE como fuente y reproduciendo los datos con exactitud (https://www.ecb.europa.eu/services/disclaimer/html/index.en.html); el tipo spot se convierte de composición continua a anual efectiva
ecb,EA,ea_aaa_10y,2026-07-16,0.03228359084197896,decimal,2026-10-01,2026-10-02,https://data-api.ecb.europa.eu/service/data/YC/B.U2.EUR.4F.G_N_A.SV_C_YM.SR_10Y,Uso libre citando al BCE como fuente y reproduciendo los datos con exactitud (https://www.ecb.europa.eu/services/disclaimer/html/index.en.html); el tipo spot se convierte de composición continua a anual efectiva
ecb,EA,ea_aaa_10y,2026-07-17,0.032023274827009285,decimal,2026-10-01,2026-10-02,https://data-api.ecb.europa.eu/service/data/YC/B.U2.EUR.4F.G_N_A.SV_C_YM.SR_10Y,Uso libre citando al BCE como fuente y reproduciendo los datos con exactitud (https://www.ecb.europa.eu/services/disclaimer/html/index.en.html); el tipo spot se convierte de composición continua a anual efectiva
ecb,EA,ea_aaa_10y,2026-07-20,0.03218556783457349,decimal,2026-10-01,2026-10-02,https://data-api.ecb.europa.eu/service/data/YC/B.U2.EUR.4F.G_N_A.SV_C_YM.SR_10Y,Uso libre citando al BCE como fuente y reproduciendo los datos con exactitud (https://www.ecb.europa.eu/services/disclaimer/html/index.en.html); el tipo spot se convierte de composición continua a anual efectiva
ecb,EA,ea_aaa_10y,2026-07-21,0.03262175629398145,decimal,2026-10-01,2026-10-02,https://data-api.ecb.europa.eu/service/data/YC/B.U2.EUR.4F.G_N_A.SV_C_YM.SR_10Y,Uso libre citando al BCE como fuente y reproduciendo los datos con exactitud (https://www.ecb.europa.eu/services/disclaimer/html/index.en.html); el tipo spot se convierte de composición continua a anual efectiva
ecb,EA,ea_aaa_10y,2026-07-22,0.03255893043588021,decimal,2026-10-01,2026-10-02,https://data-api.ecb.europa.eu/service/data/YC/B.U2.EUR.4F.G_N_A.SV_C_YM.SR_10Y,Uso libre citando al BCE como fuente y reproduciendo los datos con exactitud (https://www.ecb.europa.eu/services/disclaimer/html/index.en.html); el tipo spot se convierte de composición continua a anual efectiva
ecb,EA,ea_aaa_10y,2026-07-23,0.03277291450251085,decimal,2026-10-01,2026-10-02,https://data-api.ecb.europa.eu/service/data/YC/B.U2.EUR.4F.G_N_A.SV_C_YM.SR_10Y,Uso libre citando al BCE como fuente y reproduciendo los datos con exactitud (https://www.ecb.europa.eu/services/disclaimer/html/index.en.html); el tipo spot se convierte de composición continua a anual efectiva
ecb,EA,ea_aaa_10y,2026-07-24,0.03258969160626202,decimal,2026-10-01,2026-10-02,https://data-api.ecb.europa.eu/service/data/YC/B.U2.EUR.4F.G_N_A.SV_C_YM.SR_10Y,Uso libre citando al BCE como fuente y reproduciendo los datos con exactitud (https://www.ecb.europa.eu/services/disclaimer/html/index.en.html); el tipo spot se convierte de composición continua a anual efectiva
ecb,EA,ea_aaa_10y,2026-07-27,0.03216435209654489,decimal,2026-10-01,2026-10-02,https://data-api.ecb.europa.eu/service/data/YC/B.U2.EUR.4F.G_N_A.SV_C_YM.SR_10Y,Uso libre citando al BCE como fuente y reproduciendo los datos con exactitud (https://www.ecb.europa.eu/services/disclaimer/html/index.en.html); el tipo spot se convierte de composición continua a anual efectiva
ecb,EA,ea_aaa_10y,2026-07-28,0.032083560752588,decimal,2026-10-01,2026-10-02,https://data-api.ecb.europa.eu/service/data/YC/B.U2.EUR.4F.G_N_A.SV_C_YM.SR_10Y,Uso libre citando al BCE como fuente y reproduciendo los datos con exactitud (https://www.ecb.europa.eu/services/disclaimer/html/index.en.html); el tipo spot se convierte de composición continua a anual efectiva
ecb,EA,ea_aaa_10y,2026-07-29,0.03225954864769376,decimal,2026-10-01,2026-10-02,https://data-api.ecb.europa.eu/service/data/YC/B.U2.EUR.4F.G_N_A.SV_C_YM.SR_10Y,Uso libre citando al BCE como fuente y reproduciendo los datos con exactitud (https://www.ecb.europa.eu/services/disclaimer/html/index.en.html); el tipo spot se convierte de composición continua a anual efectiva
ecb,EA,ea_aaa_10y,2026-07-30,0.03252428429317522,decimal,2026-10-01,2026-10-02,https://data-api.ecb.europa.eu/service/data/YC/B.U2.EUR.4F.G_N_A.SV_C_YM.SR_10Y,Uso libre citando al BCE como fuente y reproduciendo los datos con exactitud (https://www.ecb.europa.eu/services/disclaimer/html/index.en.html); el tipo spot se convierte de composición continua a anual efectiva
ecb,EA,ea_aaa_10y,2026-07-31,0.032799566674086345,decimal,2026-10-01,2026-10-02,https://data-api.ecb.europa.eu/service/data/YC/B.U2.EUR.4F.G_N_A.SV_C_YM.SR_10Y,Uso libre citando al BCE como fuente y reproduciendo los datos con exactitud (https://www.ecb.europa.eu/services/disclaimer/html/index.en.html); el tipo spot se convierte de composición continua a anual efectiva
ecb,EA,ea_aaa_10y,2026-08-03,0.032367786841985824,decimal,2026-10-01,2026-10-02,https://data-api.ecb.europa.eu/service/data/YC/B.U2.EUR.4F.G_N_A.SV_C_YM.SR_10Y,Uso libre citando al BCE como fuente y reproduciendo los datos con exactitud (https://www.ecb.europa.eu/services/disclaimer/html/index.en.html); el tipo spot se convierte de composición continua a anual efectiva
ecb,EA,ea_aaa_10y,2026-08-04,0.03196292236391063,decimal,2026-10-01,2026-10-02,https://data-api.ecb.europa.eu/service/data/YC/B.U2.EUR.4F.G_N_A.SV_C_YM.SR_10Y,Uso libre citando al BCE como fuente y reproduciendo los datos con exactitud (https://www.ecb.europa.eu/services/disclaimer/html/index.en.html); el tipo spot se convierte de composición continua a anual efectiva
ecb,EA,ea_aaa_10y,2026-08-05,0.03196653765936475,decimal,2026-10-01,2026-10-02,https://data-api.ecb.europa.eu/service/data/YC/B.U2.EUR.4F.G_N_A.SV_C_YM.SR_10Y,Uso libre citando al BCE como fuente y reproduciendo los datos con exactitud (https://www.ecb.europa.eu/services/disclaimer/html/index.en.html); el tipo spot se convierte de composición continua a anual efectiva
ecb,EA,ea_aaa_10y,2026-08-06,0.03196710089137533,decimal,2026-10-01,2026-10-02,https://data-api.ecb.europa.eu/service/data/YC/B.U2.EUR.4F.G_N_A.SV_C_YM.SR_10Y,Uso libre citando al BCE como fuente y reproduciendo los datos con exactitud (https://www.ecb.europa.eu/services/disclaimer/html/index.en.html); el tipo spot se convierte de composición continua a anual efectiva
ecb,EA,ea_aaa_10y,2026-08-07,0.032025509215547254,decimal,2026-10-01,2026-10-02,https://data-api.ecb.europa.eu/service/data/YC/B.U2.EUR.4F.G_N_A.SV_C_YM.SR_10Y,Uso libre citando al BCE como fuente y reproduciendo los datos con exactitud (https://www.ecb.europa.eu/services/disclaimer/html/index.en.html); el tipo spot se convierte de composición continua a anual efectiva
ecb,EA,ea_aaa_10y,2026-08-10,0.03251070990128291,decimal,2026-10-01,2026-10-02,https://data-api.ecb.europa.eu/service/data/YC/B.U2.EUR.4F.G_N_A.SV_C_YM.SR_10Y,Uso libre citando al BCE como fuente y reproduciendo los datos con exactitud (https://www.ecb.europa.eu/services/disclaimer/html/index.en.html); el tipo spot se convierte de composición continua a anual efectiva
ecb,EA,ea_aaa_10y,2026-08-11,0.032270693406201145,decimal,2026-10-01,2026-10-02,https://data-api.ecb.europa.eu/service/data/YC/B.U2.EUR.4F.G_N_A.SV_C_YM.SR_10Y,Uso libre citando al BCE como fuente y reproduciendo los datos con exactitud (https://www.ecb.europa.eu/services/disclaimer/html/index.en.html); el tipo spot se convierte de composición continua a anual efectiva
ecb,EA,ea_aaa_10y,2026-08-12,0.03216049482402772,decimal,2026-10-01,2026-10-02,https://data-api.ecb.europa.eu/service/data/YC/B.U2.EUR.4F.G_N_A.SV_C_YM.SR_10Y,Uso libre citando al BCE como fuente y reproduciendo los datos con exactitud (https://www.ecb.europa.eu/services/disclaimer/html/index.en.html); el tipo spot se convierte de composición continua a anual efectiva
ecb,EA,ea_aaa_10y,2026-08-13,0.032059840418542374,decimal,2026-10-01,2026-10-02,https://data-api.ecb.europa.eu/service/data/YC/B.U2.EUR.4F.G_N_A.SV_C_YM.SR_10Y,Uso libre citando al BCE como fuente y reproduciendo los datos con exactitud (https://www.ecb.europa.eu/services/disclaimer/html/index.en.html); el tipo spot se convierte de composición continua a anual efectiva
ecb,EA,ea_aaa_10y,2026-08-14,0.03264721929774206,decimal,2026-10-01,2026-10-02,https://data-api.ecb.europa.eu/service/data/YC/B.U2.EUR.4F.G_N_A.SV_C_YM.SR_10Y,Uso libre citando al BCE como fuente y reproduciendo los datos con exactitud (https://www.ecb.europa.eu/services/disclaimer/html/index.en.html); el tipo spot se convierte de composición continua a anual efectiva
ecb,EA,ea_aaa_10y,2026-08-17,0.03295453756873634,decimal,2026-10-01,2026-10-02,https://data-api.ecb.europa.eu/service/data/YC/B.U2.EUR.4F.G_N_A.SV_C_YM.SR_10Y,Uso libre citando al BCE como fuente y reproduciendo los datos con exactitud (https://www.ecb.europa.eu/services/disclaimer/html/index.en.html); el tipo spot se convierte de composición continua a anual efectiva
ecb,EA,ea_aaa_10y,2026-08-18,0.033432681905510186,decimal,2026-10-01,2026-10-02,https://data-api.ecb.europa.eu/service/data/YC/B.U2.EUR.4F.G_N_A.SV_C_YM.SR_10Y,Uso libre citando al BCE como fuente y reproduciendo los datos con exactitud (https://www.ecb.europa.eu/services/disclaimer/html/index.en.html); el tipo spot se convierte de composición continua a anual efectiva
ecb,EA,ea_aaa_10y,2026-08-19,0.033325606044935396,decimal,2026-10-01,2026-10-02,https://data-api.ecb.europa.eu/service/data/YC/B.U2.EUR.4F.G_N_A.SV_C_YM.SR_10Y,Uso libre citando al BCE como fuente y reproduciendo los datos con exactitud (https://www.ecb.europa.eu/services/disclaimer/html/index.en.html); el tipo spot se convierte de composición continua a anual efectiva
ecb,EA,ea_aaa_10y,2026-08-20,0.033335285701753925,decimal,2026-10-01,2026-10-02,https://data-api.ecb.europa.eu/service/data/YC/B.U2.EUR.4F.G_N_A.SV_C_YM.SR_10Y,Uso libre citando al BCE como fuente y reproduciendo los datos con exactitud (https://www.ecb.europa.eu/services/disclaimer/html/index.en.html); el tipo spot se convierte de composición continua a anual efectiva
ecb,EA,ea_aaa_10y,2026-08-21,0.03325101191212165,decimal,2026-10-01,2026-10-02,https://data-api.ecb.europa.eu/service/data/YC/B.U2.EUR.4F.G_N_A.SV_C_YM.SR_10Y,Uso libre citando al BCE como fuente y reproduciendo los datos con exactitud (https://www.ecb.europa.eu/services/disclaimer/html/index.en.html); el tipo spot se convierte de composición continua a anual efectiva
ecb,EA,ea_aaa_10y,2026-08-24,0.03334793981404194,decimal,2026-10-01,2026-10-02,https://data-api.ecb.europa.eu/service/data/YC/B.U2.EUR.4F.G_N_A.SV_C_YM.SR_10Y,Uso libre citando al BCE como fuente y reproduciendo los datos con exactitud (https://www.ecb.europa.eu/services/disclaimer/html/index.en.html); el tipo spot se convierte de composición continua a anual efectiva
ecb,EA,ea_aaa_10y,2026-08-25,0.03298049569638373,decimal,2026-10-01,2026-10-02,https://data-api.ecb.europa.eu/service/data/YC/B.U2.EUR.4F.G_N_A.SV_C_YM.SR_10Y,Uso libre citando al BCE como fuente y reproduciendo los datos con exactitud (https://www.ecb.europa.eu/services/disclaimer/html/index.en.html); el tipo spot se convierte de composición continua a anual efectiva
ecb,EA,ea_aaa_10y,2026-08-26,0.033018454189719826,decimal,2026-10-01,2026-10-02,https://data-api.ecb.europa.eu/service/data/YC/B.U2.EUR.4F.G_N_A.SV_C_YM.SR_10Y,Uso libre citando al BCE como fuente y reproduciendo los datos con exactitud (https://www.ecb.europa.eu/services/disclaimer/html/index.en.html); el tipo spot se convierte de composición continua a anual efectiva
ecb,EA,ea_aaa_10y,2026-08-27,0.03331563897520651,decimal,2026-10-01,2026-10-02,https://data-api.ecb.europa.eu/service/data/YC/B.U2.EUR.4F.G_N_A.SV_C_YM.SR_10Y,Uso libre citando al BCE como fuente y reproduciendo los datos con exactitud (https://www.ecb.europa.eu/services/disclaimer/html/index.en.html); el tipo spot se convierte de composición continua a anual efectiva
ecb,EA,ea_aaa_10y,2026-08-28,0.03333269284564122,decimal,2026-10-01,2026-10-02,https://data-api.ecb.europa.eu/service/data/YC/B.U2.EUR.4F.G_N_A.SV_C_YM.SR_10Y,Uso libre citando al BCE como fuente y reproduciendo los datos con exactitud (https://www.ecb.europa.eu/services/disclaimer/html/index.en.html); el tipo spot se convierte de composición continua a anual efectiva
ecb,EA,ea_aaa_10y,2026-08-31,0.03395983961996585,decimal,2026-10-01,2026-10-02,https://data-api.ecb.europa.eu/service/data/YC/B.U2.EUR.4F.G_N_A.SV_C_YM.SR_10Y,Uso libre citando al BCE como fuente y reproduciendo los datos con exactitud (https://www.ecb.europa.eu/services/disclaimer/html/index.en.html); el tipo spot se convierte de composición continua a anual efectiva
ecb,EA,ea_aaa_10y,2026-09-01,0.034120716789066474,decimal,2026-10-01,2026-10-02,https://data-api.ecb.europa.eu/service/data/YC/B.U2.EUR.4F.G_N_A.SV_C_YM.SR_10Y,Uso libre citando al BCE como fuente y reproduciendo los datos con exactitud (https://www.ecb.europa.eu/services/disclaimer/html/index.en.html); el tipo spot se convierte de composición continua a anual efectiva
ecb,EA,ea_aaa_10y,2026-09-02,0.034500300701820086,decimal,2026-10-01,2026-10-02,https://data-api.ecb.europa.eu/service/data/YC/B.U2.EUR.4F.G_N_A.SV_C_YM.SR_10Y,Uso libre citando al BCE como fuente y reproduciendo los datos con exactitud (https://www.ecb.europa.eu/services/disclaimer/html/index.en.html); el tipo spot se convierte de composición continua a anual efectiva
ecb,EA,ea_aaa_10y,2026-09-03,0.03421867860151173,decimal,2026-10-01,2026-10-02,https://data-api.ecb.europa.eu/service/data/YC/B.U2.EUR.4F.G_N_A.SV_C_YM.SR_10Y,Uso libre citando al BCE como fuente y reproduciendo los datos con exactitud (https://www.ecb.europa.eu/services/disclaimer/html/index.en.html); el tipo spot se convierte de composición continua a anual efectiva
ecb,EA,ea_aaa_10y,2026-09-04,0.034031218493392856,decimal,2026-10-01,2026-10-02,https://data-api.ecb.europa.eu/service/data/YC/B.U2.EUR.4F.G_N_A.SV_C_YM.SR_10Y,Uso libre citando al BCE como fuente y reproduciendo los datos con exactitud (https://www.ecb.europa.eu/services/disclaimer/html/index.en.html); el tipo spot se convierte de composición continua a anual efectiva
ecb,EA,ea_aaa_10y,2026-09-07,0.034475905457167944,decimal,2026-10-01,2026-10-02,https://data-api.ecb.europa.eu/service/data/YC/B.U2.EUR.4F.G_N_A.SV_C_YM.SR_10Y,Uso libre citando al BCE como fuente y reproduciendo los datos con exactitud (https://www.ecb.europa.eu/services/disclaimer/html/index.en.html); el tipo spot se convierte de composición continua a anual efectiva
ecb,EA,ea_aaa_10y,2026-09-08,0.034361740590853396,decimal,2026-10-01,2026-10-02,https://data-api.ecb.europa.eu/service/data/YC/B.U2.EUR.4F.G_N_A.SV_C_YM.SR_10Y,Uso libre citando al BCE como fuente y reproduciendo los datos con exactitud (https://www.ecb.europa.eu/services/disclaimer/html/index.en.html); el tipo spot se convierte de composición continua a anual efectiva
ecb,EA,ea_aaa_10y,2026-09-09,0.0348594913854563,decimal,2026-10-01,2026-10-02,https://data-api.ecb.europa.eu/service/data/YC/B.U2.EUR.4F.G_N_A.SV_C_YM.SR_10Y,Uso libre citando al BCE como fuente y reproduciendo los datos con exactitud (https://www.ecb.europa.eu/services/disclaimer/html/index.en.html); el tipo spot se convierte de composición continua a anual efectiva
ecb,EA,ea_aaa_10y,2026-09-10,0.035652946716979494,decimal,2026-10-01,2026-10-02,https://data-api.ecb.europa.eu/service/data/YC/B.U2.EUR.4F.G_N_A.SV_C_YM.SR_10Y,Uso libre citando al BCE como fuente y reproduciendo los datos con exactitud (https://www.ecb.europa.eu/services/disclaimer/html/index.en.html); el tipo spot se convierte de composición continua a anual efectiva
ecb,EA,ea_aaa_10y,2026-09-11,0.03585512509729427,decimal,2026-10-01,2026-10-02,https://data-api.ecb.europa.eu/service/data/YC/B.U2.EUR.4F.G_N_A.SV_C_YM.SR_10Y,Uso libre citando al BCE como fuente y reproduciendo los datos con exactitud (https://www.ecb.europa.eu/services/disclaimer/html/index.en.html); el tipo spot se convierte de composición continua a anual efectiva
ecb,EA,ea_aaa_10y,2026-09-14,0.03604377873325326,decimal,2026-10-01,2026-10-02,https://data-api.ecb.europa.eu/service/data/YC/B.U2.EUR.4F.G_N_A.SV_C_YM.SR_10Y,Uso libre citando al BCE como fuente y reproduciendo los datos con exactitud (https://www.ecb.europa.eu/services/disclaimer/html/index.en.html); el tipo spot se convierte de composición continua a anual efectiva
ecb,EA,ea_aaa_10y,2026-09-15,0.03607238184967909,decimal,2026-10-01,2026-10-02,https://data-api.ecb.europa.eu/service/data/YC/B.U2.EUR.4F.G_N_A.SV_C_YM.SR_10Y,Uso libre citando al BCE como fuente y reproduciendo los datos con exactitud (https://www.ecb.europa.eu/services/disclaimer/html/index.en.html); el tipo spot se convierte de composición continua a anual efectiva
ecb,EA,ea_aaa_10y,2026-09-16,0.03596645163472534,decimal,2026-10-01,2026-10-02,https://data-api.ecb.europa.eu/service/data/YC/B.U2.EUR.4F.G_N_A.SV_C_YM.SR_10Y,Uso libre citando al BCE como fuente y reproduciendo los datos con exactitud (https://www.ecb.europa.eu/services/disclaimer/html/index.en.html); el tipo spot se convierte de composición continua a anual efectiva
ecb,EA,ea_aaa_10y,2026-09-17,0.035490330181134455,decimal,2026-10-01,2026-10-02,https://data-api.ecb.europa.eu/service/data/YC/B.U2.EUR.4F.G_N_A.SV_C_YM.SR_10Y,Uso libre citando al BCE como fuente y reproduciendo los datos con exactitud (https://www.ecb.europa.eu/services/disclaimer/html/index.en.html); el tipo spot se convierte de composición continua a anual efectiva
ecb,EA,ea_aaa_10y,2026-09-18,0.035927883341367206,decimal,2026-10-01,2026-10-02,https://data-api.ecb.europa.eu/service/data/YC/B.U2.EUR.4F.G_N_A.SV_C_YM.SR_10Y,Uso libre citando al BCE como fuente y reproduciendo los datos con exactitud (https://www.ecb.europa.eu/services/disclaimer/html/index.en.html); el tipo spot se convierte de composición continua a anual efectiva
ecb,EA,ea_aaa_10y,2026-09-21,0.03534888427441696,decimal,2026-10-01,2026-10-02,https://data-api.ecb.europa.eu/service/data/YC/B.U2.EUR.4F.G_N_A.SV_C_YM.SR_10Y,Uso libre citando al BCE como fuente y reproduciendo los datos con exactitud (https://www.ecb.europa.eu/services/disclaimer/html/index.en.html); el tipo spot se convierte de composición continua a anual efectiva
ecb,EA,ea_aaa_10y,2026-09-22,0.03513038902929422,decimal,2026-10-01,2026-10-02,https://data-api.ecb.europa.eu/service/data/YC/B.U2.EUR.4F.G_N_A.SV_C_YM.SR_10Y,Uso libre citando al BCE como fuente y reproduciendo los datos con exactitud (https://www.ecb.europa.eu/services/disclaimer/html/index.en.html); el tipo spot se convierte de composición continua a anual efectiva
ecb,EA,ea_aaa_10y,2026-09-23,0.035864775008030536,decimal,2026-10-01,2026-10-02,https://data-api.ecb.europa.eu/service/data/YC/B.U2.EUR.4F.G_N_A.SV_C_YM.SR_10Y,Uso libre citando al BCE como fuente y reproduciendo los datos con exactitud (https://www.ecb.europa.eu/services/disclaimer/html/index.en.html); el tipo spot se convierte de composición continua a anual efectiva
ecb,EA,ea_aaa_10y,2026-09-24,0.036305186233287934,decimal,2026-10-01,2026-10-02,https://data-api.ecb.europa.eu/service/data/YC/B.U2.EUR.4F.G_N_A.SV_C_YM.SR_10Y,Uso libre citando al BCE como fuente y reproduciendo los datos con exactitud (https://www.ecb.europa.eu/services/disclaimer/html/index.en.html); el tipo spot se convierte de composición continua a anual efectiva
ecb,EA,ea_aaa_10y,2026-09-25,0.03680825505947816,decimal,2026-10-01,2026-10-02,https://data-api.ecb.europa.eu/service/data/YC/B.U2.EUR.4F.G_N_A.SV_C_YM.SR_10Y,Uso libre citando al BCE como fuente y reproduciendo los datos con exactitud (https://www.ecb.europa.eu/services/disclaimer/html/index.en.html); el tipo spot se convierte de composición continua a anual efectiva
ecb,EA,ea_aaa_10y,2026-09-28,0.03698056400702221,decimal,2026-10-01,2026-10-02,https://data-api.ecb.europa.eu/service/data/YC/B.U2.EUR.4F.G_N_A.SV_C_YM.SR_10Y,Uso libre citando al BCE como fuente y reproduciendo los datos con exactitud (https://www.ecb.europa.eu/services/disclaimer/html/index.en.html); el tipo spot se convierte de composición continua a anual efectiva
ecb,EA,ea_aaa_10y,2026-09-29,0.03673537700734486,decimal,2026-10-01,2026-10-02,https://data-api.ecb.europa.eu/service/data/YC/B.U2.EUR.4F.G_N_A.SV_C_YM.SR_10Y,Uso libre citando al BCE como fuente y reproduciendo los datos con exactitud (https://www.ecb.europa.eu/services/disclaimer/html/index.en.html); el tipo spot se convierte de composición continua a anual efectiva
ecb,EA,ea_aaa_10y,2026-09-30,0.03646571445233171,decimal,2026-10-01,2026-10-02,https://data-api.ecb.europa.eu/service/data/YC/B.U2.EUR.4F.G_N_A.SV_C_YM.SR_10Y,Uso libre citando al BCE como fuente y reproduciendo los datos con exactitud (https://www.ecb.europa.eu/services/disclaimer/html/index.en.html); el tipo spot se convierte de composición continua a anual efectiva
ecb,EA,ea_aaa_10y,2026-10-01,0.036574714190332314,decimal,2026-10-01,2026-10-02,https://data-api.ecb.europa.eu/service/data/YC/B.U2.EUR.4F.G_N_A.SV_C_YM.SR_10Y,Uso libre citando al BCE como fuente y reproduciendo los datos con exactitud (https://www.ecb.europa.eu/services/disclaimer/html/index.en.html); el tipo spot se convierte de composición continua a anual efectiva
